# name=A_basis
# reference=https://github.com/ladnir/secure-join
# commit=1e1dddf250a0bd23dd9fc15e88480a58da2cb2a0
# generator=tools/secure-join-altmod-kat/dump_altmod_basis.cpp
# byte_order=little-endian block bytes as cryptoTools::block::data()
# dims: 512 F3 inputs x 256 F3 outputs
# format: index then 256 bytes in {0,1,2}
0 02010201000102020100020002020202010200000102010002020201000102020200010200000001020002010101020201010002020002020000020200000200000002020201020101020100010000020200010100020000010100000200010100000201020200010102000001010101020100010101000002000202000000010101020201010200020001010202020100000000000002000001000002020101020001020101010102000202010000020001000202010101000002010201020002020102020201010002010100010200020102020201010202020101020002010002000001010002020200000101000001020200010200010201020200000002
1 00010100000101020101020201010202020100010002000200010000020202000200000200020101010101010102010202020200020100000100010100000102000101000201020100020002010001010200020000020201000100010002010001000102020200000002000102020202010100020002000100010100010202000002010002020202020002000202010200010202000000020202010002020102000002000202010000010100010101000002000100000101010102000000010002020202000000020202010102010101010002000200010002020201000100000000000100000200000100010202000100020101000102020202010001010200
2 01020002000202020002010001010102000101010101010001020001010202000101000102010001010002010202010002000201020101010102020001000101000000010101000101010100020001000002000202000101010200010200010000010000020100000101000100020100010202010201010000000002000100000000020002010001000100010001020001010201020002020202010201020201010000020000010001000101010201020202020202000001000202020002020202010200010002020100000202000202020001020202000001000100020201010200000000000100020100020000000102000201020001010101000200000102
3 01000202020201000001000201010001020200010202010200000100020001010201020002000001010002020202010101010101010201000200000100000201010000010100020201020200000000000001020102010102000101020100000002000002010101020000020201000001020201000101000202020001000002000002010200000100000201000002010101000000020200000102000100000202000200020000000002020201010001020202000101000202010201020001000200000200010100000002000202010100010002010000010001000102000000000200000202010201000201020001000201000201020100000001000101000002
4 02010001010101010001000102000201020002000001000002000201000001010102000000000101020001020201000000000001020101000101010201020200000200020101010201000202010000000000020001000100010001010002010202010202000202010202020000010202010101010002000101000101000201010000000000000201010202020001010100000001000102010100020001010002010001020202000202000000020002000000000000010202000100000100000101010200010101020202000100020202020202010000020000020102010201010201020001020202010202020102020202020001020100000200000201020202
5 02010002000002010001010002020001000200010102010101010002010200020201020002020201020100010201010001020001010001010002020200000201020101020201020201010202000202000201000001000101020002010201010100010102010201020100010102020000010101020002020201010101000001010100020201010202000001020102010202000000000200010001020000020202000100010202010101000000020101000100020100010102020101010002020102020002020200010000020000020102000100020101000200010101020102010101010101020001000102010202010001020201000002000100020100000102
6 00000102010102000201020001000002020102010000010101000100010102020202000002020002000201010201020201010100020000000200020201010000010201000100000102020100010202010100010100020001000201020102020101010101020000000202010001000100020101000200020202020102000001020200000202010102010102020102000201000201010001020202020100020101020200010000020000020102020101000201010101020200020200010102010001010201000201010001010001010002010100000002020201010000000000010201020001020101000001020101020202020202010000000202020200010102
7 00020201000000020102020202000002010002010200000000020000000201020002020202000202010202020002020101010101020002010100020202000102000102010001010200000202020001000200000201020100000002020200020000020201010000020000000100020102020102010201010100020101020200000100000102010201010000020100000200020102000201010002010000000002000000020102020200010100010102020100000002000202010201010200020000000201020102000202000200020001020101010201020101000101010102020001000101000100010100010001000100020202000200000102010200020102
8 02000001010201000100020102020100010001000102010200020002010101020200010101010000000100000002010201000101010101010200020202000202000001020102010000000201020202020202020202020002010102000200000100000002010101000101000100020102010201000001020202010102000000010001000100000001000200020201000001010202000100000101000100010101000102010102020200020102010101020102020202000201000102010201000200000201010200020201020101020001020000020201000002020201000001000102010001020201000002010100010000020101010000000101010001020000
9 00020100000001000002010201000200010000010001000001000000010001000202020200010001020002000100010000000200000101020101000202010201000000000201020000020100020001010000020100020200020001000001020001020102000200020202020201010202010202020100020000010100000000020001010001020200020202020000020200000201020000020200000101010102020100000001020101020202010102000000010201010001010001010102010202000001010202010100000000010202000201000202020201020001020101000002020202010102020100000201020101020002000000000201010202010100
10 00000202010102000102010200010002010201000200000002010102010000010101000100020002000001020002000002020202000102010200000100010101020000020101020101010202010002000101000002000101000000000202020202020202020101020002010201000001010100010002010102020101000101020200000102000001020201010201010000020001000000000202000002010102020002010201000101010202000002010102020200010202020002010100010201010201010002000000000001000202020001020201020002000100010101010101000101020202020001010200000100020001010001020100000001010200
11 00000102010202020001010200000200010200020102010000020001010002000201010200000001020100000100010000010000000202000201010002000101000000000002010102020201020101000201020200020002010000010202000101000101020201010101010101000200020002020200000201000001020101010002000001020202010202020102020102020100020002020201020200000100010200010202010002010201000202000001010202020102020201010001020202020102010100000200020001000001020101010202020201020200000001000002010201020102000202020200000000000000020201010201000201020001
12 00010102020201000100010202000000020001000000000202000001000200010100000002000000020102010001000101020000020102000000000201000001010201020202000201020202000100000201020102000100000002000000010001020001000100010000010202020201000200020202000002020102000100020201010002000001010001000101010000010200020000010202010001000102000201000102010102010202000000020102020000020000000100010102020100000001020000010102010101000101010201000202010000020202020200000200020100000102020101000100010100010101000100000101010001010102
13 00020100010202020201000200010102010001000100010102020200000101010200010000010001000201020001020201020101000001000101010001020201020200010202000002020100010201010001020100000201000200010102000201010100000000000100020202010102000100020002000001000101000202010102010100010201000201000101010200000102000102010100010000010102010202020200020100010100000100000000020100020201010202020202010001000001020101010002000000010101020002020202010002020001010100020100000001000102020001000101000201020201010101010001000000000000
14 00020001020002020101010100010100010100010102000000000002000201010202000202020002000000010002020002000101010002000200020100000202020201020002000101010201010201020201020202010001020201020102010002010000020000010202020101020200010001010101010200020200010100000200010102000000010002020201000200000202020001020201010200010200020201010200000101000100010002020200000201010201000001020000020002010100020201010001020202010101010200020002020202010100010201020101000001000201000101020001010202020002020202020101000101020000
15 01000002020101010100010100010202000101020100020000000202010101010200010001010200020001000202010001020102010202000001000100010002020100010200000202000101000000010200000000010202020002010201020200020002020000000001010000000202000101010001020101000101020000000200000102010102010001000200000100010002000101010101010102000200020200020100010200010202010201020201000101000001010001000202010102010002020102020102020201000002000100010101020100000100020200020100000001000001000100000200010201020000020200020200010002010102
16 00000100010000000100020101020201000100020001010000020001000000010201010001020100020001020100010200010201000102010202020002000000010200010002010202000201010201020200020101000101000000020000010001010102010001000200000100020002010200020102010100010000010201000201000201000100010202020201010001000102010001000100000201010202020201020101010001000000000100020202010000020200000100010200020001000101010200020202000000020202020001020201020202020000000000020002000102000200010200000200020200010001020001020202020201000202
17 01010101020200010102020102020201010001020000020000010002000200000000000001000201020002010201000202020001000101010201020202020000010002020202000101000200010101000200000100000202020102000202010001010101000101020100000100000101020000010201020000000102020202020001000100000002010100020201000101000200000002010200020202010200000201010201020202010201010102010102000101020000020101000100010100020202020001000100000002020201000200000001020100000000000102020100010001010202010001020202000001000202010200000000020002020101
18 00010100000200020102020001020000010101000000010202010100020201020002000101000100010102020102010002020100020101020100020002020200020002010102020201020001010201000102020200000201020001000100010102000001010200000102020002010102020100000100010101010102010201010000000202000000000202010001000200020102010101010202010000000000010201000000010000010101020202010101010102000202020202010202010201020101000100020101000101010100020101000000000000000202010002000000010102000100020200020000020202000002010001000102010102010100
19 00010000020001010202000101010201020100020101020200010201020002000000020101020001010002000202010002020002020201010000020000020002020201020102000101000101020100000200000201000100020101000100020000020102000000000102010101020102020202010101010100000201010102020101000202020000020001020200000200020102020101000202010001010102010001010100000200010000000100010100010001010102000200000201020200000001000002010100000002010001000202010201010101020002020202010000000102000102010202010200010100010201020102020000000101020102
20 00010000000200000002000002010102000100010101010102000201020102020001010000010100000002010202000201010201020200010202000101000000020002020101020000010000020201020102020202020002010101000001000201020101010000020000020001000201010201020002010101020002010202010102010101010200000201000202000201000002010202020101000102010202020200000001000001010201010202020102020101010200020001000000000002000001000002000201010100020102000001010201020001010200000101000001010201020100000100020102000102000101000102020102020101010000
21 00020002010101020202000200000102010200020000000102000202020102010201010202020100020001000200000102020202010000020102020200000200010201000002020100020002020100000200020102010201000201020002000002000200010001010102010102020102000000010000000002020001020100020001020200010000020201020200000002020201000200020201020002000200020100000000010002000100010000010001020202020002010001010000000201010200010201020001020000000200010102010200020200010101010000000101020201010001010002020102020100020002000202020202000101010002
22 01000200010102020200000002020202020100000201000001020200010201010002010201010102020000020000020101020202010100000000020001010200010000000200020101000001010102000001010101000001000001000200010102010102000001010001010001000201000202020102000102000100010002020200020200000102010100000100010102010000020202010002020000010101020202000100020002000000010100010001000001020200010201010101010200000000000202000100010002020201000000000100020102000002010202010001010101000101020200020001000102000202000000000201010201020102
23 01020102020200010000020101010202020002010000010000010201000200020002020001000100000100020102020102000201010201000102020101000100000000000002010202020102020201020201010101000202020202010100000102000200020201000202020101020102010200020000020201010102010100010101020001020201010002000202020101020000000200020102020201000101010102020000010002000101000102020102010000000000020101000000020200010002020000000102020201010100010202000102000201010201000001020200020101000200010001020200020202020002010202020002000001010002
24 02020102010101010002010100010100010002010200000102000000010102010200020102010000010000000001020001010201010102000200000102000002010001020000000202010200010001000201010101000202000200010000000100000102020100000202020001020000000102010201020102000200000200010100000101010002020100000000020102010200000200000000000200020101020102010102020002010000000001010201020100000001010101020100010002000001020100000201020000000102000001000001020200010000020002000101010101020101010100010001010000020200020102010002020200000001
25 01000002010202020101000202020201000201000102020102000000020101000200010002010000010102000102000102000202020002010201000000000001010100020102000202010100000202020102000200020200010101000101010202000200000100010200020000020202000001010201020002000200000101020000000002000201020102010001000201010200020000020202000002000101000100020002000202000002000002020200010000010002000100020100020000000102020001010002020101020001020201020100010001000200000102020200010202010001010101020201010201000002000201010202020202020100
26 02020100020000010201000100010001000201010000020101020200010101010001020201010101000101010101020102000200010102020002010100020100010000010201000201010200010101010100010201000201000202010100010002010002020101020200020101000201020002010202000001000001010201000202010201020002010101010100020000010202010201020100020100020002000202000202000001000000000102010200010002020000010100000002000002010101010000000102000000000100010202000000020001020000000201020202010201020202020101000101000200020101010101020102000202010102
27 01020101000002000200010002020000020001000000010201020100000100020202010200010101010200010200010201010102000000000100010102020000020202020001010102020200000002010201000000020201000102020000020002010200020000010202020200000102000000000201010001000201000100010101020000000202010102000002010100000002010102000200000202000001010100010100020202010101000202020000000102020001010200020102010001000100010202020100010000020102000001000202000001010101010101010200020201010202010101020001020101000000010100010202020202000102
28 00000002020001000101020201000102000200000201020102020101010001020100020001020201020200000001000200010102010102020202000200020000020001010002010101020200010001020202020202010000020202020200010102000201000201010101010002000002000002000200000000010000020100000102010001020102000201020100010102020200010002020001000002000201010201000100010102020102010001020102000000000102000201010202000200020200000000010201010202010000000201020002010001000102020202000002010000020001020000010200000001000101020100020100000100010000
29 00000201010000010100000100000102000202010201020101010001010000010201000201000101000100000200010100010001000100010002000100020201010100000100010202000002010101000001020101000000020000000002000001010202000002020102010000010101020102000200000201020200000100010201020202000002010101000100020000020201020202000000010202000001000100000100000200020202010201000201010202000200020000020002000202000000000002000100010001010201020100020200020200020101010101000100020102000201000101010002020002000002000100010201010102000100
30 00000002010002010100020200010001020000020102000001020201010102000000000002000200010200020101020200020202020201010002020002010102020100000101010000000202010101000002020002000100000100010001000100010000000202000201000102000002020000000101010200020000000201010102010202020001020201010100010100000000010001010101010000000202020200010002000101020200000200000101020200000001020202020000010000000002010102000001010101010001000101000001020202000201010000010002000000020001020000010000000102000101000001010102010200000202
31 02020201010202020102020100020102010200000102000001000201010102020202020200020101020201010201020002010102000202010100010001020202020202000202000100010202010100000202020201010002010202000000010001020202020000020200010102000101000201000200010001010001010102010002000002020202010202020101000101000002000200000202020102020001000200000101000000000002010101020001020102020001010000020001000200010102020000000101010000010100020200010202000100010001010102000002020202010101020200010000000001000101010202020202020001020101
32 01010100020101000202000002020101020100000001010202020201020202010200020002000102010000000200010201000100010100000100010201000202000002000102000001010102000000020000020001000102000001000201020101020001010201000200000100020102010200020000020201010100000100000101010202010201010001000200020201010202020200010102010002000100010102010102020100020001000002020200020101020202000202020000020100000101020101010000010102000001000101020201010001000102010001020000010000010101010201000101020101010202000000010102020101020102
33 01000102000001020100010100000200020100010200010202020101020100000102010101010100000101020200000102010101010200020002010200010002010001000000010002020001020201000202020100020001010000000002000002000002020102020201020000000000020201000002000001000000020002020001010201000102020201020100010201010202000001020001010100020101010001010100010200000102010102000000000202020000000002010000020100010101000200010102020200020200020000010200000201020200020002000002020000020200000200010000000101010001020201000001000002010100
34 02000102000102020201020001000100000202000000010102020201020100010001020102000200000101000201010000010102010002020002020002020200010201010002020200000001010102020000000202010200000200000002020001010102010200000100020202020101010202000201000000020101000201020200020101020001010102010201010202010201000101020002000102010101020002010200000100000002000001020002000001000102000100010100020200010001000201000202000201020002000202000101010101010101010201020202000100010001010200010002020000000200000201010100010100020102
35 00000100020201010000010100020102010000000101020000000201000101020001000100020100000102010000020000010002020102000001010100020200010101000202020102020101010102000201000202020000000102000102020202000000000002000000000200020100000101020002000202000202020200000001000202000200010200010102000102010000000201020202020000020202010200020001010002010000010201000002000101000200020002020000000000000100010202020102020002000002000001000000000100010000000202020002000201000001020002000101020001020000010200010202000201020002
36 00020000000000010100010101010002020001010001010202010201020202020002000100020000020200000101020201010000020102020001000000020001010201020200020202020000020001020101010002020100010000020001000101010200010000000101000202010000010201000100010100000001010200000101000100020002010100000101000201000000020202020100020002000101010202010100000101010002010101020102010200000101010000000202010100000102000002010202020001020200010000020201020001000000020200000201010102020001020102000102010102000001010102020100020100000002
37 02020101000102020001000202000000010202000102000002010100000202020002020001010102000002000100010100020102010200020002010100010201010102010201010101010100000101000202020101000100000001000202000100000202020001010201020102000202010002010101000001000101000000000000010102000101010000020202020001000102010200020000020101020002020100010001020002020000000201000201020000020000000002000201010201000100000002000102000000000102010102000202020100000201010101010000000100000102000101010001000100010201010102010202000101000102
38 00010000000102000202020002010200000202020201010202010200020101000200000002010000020100010200010000020101000001000101000000010201000200020200020200000002010101000201010101020002010101010001000102010100020200020000020002020000020201010002020202000000010000010101020100010102000100020000000101020200010000020101000102020100000101010100020202010002020001020000020000010002000102010000010000020102020100000002010000010001000100020200010102020200020002010002010101010000020000010200010202010200010000000201020101020101
39 00020201010200020001010002010001020002000002010201010102010202020002000102020001000100020101000000020202010001010000000001010100000201020101000002010100020200000202010002000002020200020002020201000200000201000102010101000201000000010000010201010002020001010100000002020202000201010201010100010002000101020002020002010101010102000001010002000102010101020000010200010202020101000000020202010201010100020200010101010002000201020201000102010200010202010101000100010201010200020202000100020002010000020202010102000102
40 00010102010101010202010201010100000200010202000002020101000100010102010001010001000002010202000102010101010101010201010101000200010202000202000201000201010001010102020200010000000100000202000101020002010202010001000000020102010102010200010000000202010200020000020000010202010101010001000000010001010001020002010100020200010100000001000002000200000002010102010200010200010002010201020102020000000201000200000002000201010102010100000000010102000002000100010001010202000002000102010202020002010102000201010102010100
41 00000000020100010102020002000202020201000001000200020001010201000000010202010102020000010101000100000201000000000202010002010202020002010202000100010102020000020102010100020102010100010101000001020102000102020100000202000100010201010202010202020001000100020101000002020000020101010002000000020200000000020101010100010001010200020102020200010202010002020000010102020202000100020201020102000101000102020202010100010102010001000000020202000100000200010101000002020202010202010001010201020201010201000102000201010100
42 01010102010200010102000202000102000102000102020200010202000101000102000102020200000102010002020100010001020201020000010201020000010102010000000201010202000001010100000200020001020201020100000201020102000202010101020200010000010000020002020001010202000202000200020202000200010100000101000202000000010102000100010202020002000001000101020000010100010002020100020202010002020202010202000200020002000002010201020002000001020100000002020100000101000201010201020100020100020200000100010102020200010100010200020201000102
43 01000001000100020200000100010100010202000201020000000102020201000101020000000100020201020101020002010201010100000100020202000201020000020200010200000002020002000102010200010100020200010102020100000200020100000100000202020102000000020201000201000201000200010201020202020100020000000101020200020202000201010002010002020000000000020100020100000102010200000202000002000100020101010202010101020200020100010101000000020100000201020000020001020100020201020100010000000101000102010201000000020202000101010201010000000201
44 01020102010200010201020102010100020101000100000002010201000200010100010201020200020001010200000101020100010202000001000002020102020201010002000201020100010000020000010001000101010201000101000201020002010100000000010101000000020102000001000102010200000002000102010000010000010001000200010001010200010000000100020201020001020200010202000200000202010000020201010202000000010201010002010200020200020100000000000200010002000100010001010201000202020002020002010200020000010000020000010001010001000100020202010200020202
45 02020002010000020100020002010101000000020200000201010002000000020202000102020102000002010002000101020102000001010000000100010101010202000001010202010102010202010200010201010002020201000202010100020000020002020202020002000001010100000200010201010100010101010201020002020202010000020101000201020102020200020002000002010201000100010100000200010101000001010001020000010002000101000200020101010202020100010202010000010101000002000002000100020001010102010002000002000200010001000100010002010202020001020001000202020000
46 02010102000002000002010100020201000101000000020202010101000001020002010200000102000100010002000201010002010200020102010101010200020000010102020001020100000001020002010002010000020000000002000002020202020001010202000102010202010002010100020002010100010202000101000101010200010002020000020202010001010102010102010101000201010200010201000001010100020102000000010000020202020202000100020101010101000201020200020202000100020202000000000201010002020002000002000201020101000201010001000102000101000100020100010102020202
47 01020101010000000101020002000000010200010001000100020200020100000000000201010000010202010000010000020102000002010100010200020100020001020100000101020201000201010000010201010200000201010200020001000001000001020000000002000102010102020101000201020002000201010201020000020002010102010100010001010001010202010201000001020001020102010002010202020102020101000102010200000202020000010002000101020001020001000101000100000102000200020101010202020202000100020200010100020101010101020001010100010102010102010101020201020201
48 02000000020101010101000002000102000000020001020000020002000200000000020202020201020001000001000201010002000102010100000000010101010100020000010200000000000000000200000001000002000000010101000100020102020100000201010002020000000100000202000100000201000000020002000202010102020201020001020002010102020202020001010100000000020101020100020102020102010100000202010202010101020202010102020002000202020202000201000202010002000201020202020100010000010001020202020000010102000201010202010000000201020000020000010100020200
49 02010001020102010000000000010201020002020200010102010200020002010100000201010101000101010200010101000200010202000201020100010202000102010100010202000102020102010101000002000102010102020100000001010101010101010102000002010101000202020102000100010000010202020102000002010001020102000000020001000200010201020202020101010000010101020101000002000201020202000101000002020102000202000101020000010202020000000201020201010102000101010102000002010001010200020200000101000002020002000200020001010002000001000201020201000100
50 00010102000000000200000000020202020202000000000002000202010201010100020202000202000200010001020200010001000000020002000100000001020000000201020200010101000201010001020001020100020201010002020001000200010001010002010101020201010101010000010201010000000201020201020102000102010102020000010201010000010000010202020102010102000002010000000202010201000200000100020002020002010001010202010002010201010101010102010201010100010000000200000001020101010102020102020000020101020000000202010200010200000101000200020100000000
51 00010200020100010101020200020002020000000101010101000102000200010102000102010102010001000202020000020201000202010200000100010101010002010102000000000002000102020102010000020102010200020201000202010002020101010000000001010101020001010201000102020201010001000202020001000100000202000100000101010000020001000100000001010201010202020002020201010000010100010002000101010200010000000001000202010002020000000201000100010000000202000002020000020000000100010200000000000202000000020100000000020202000001000000000202010002
52 02020001020200010000000202020100020000010201020202020201020102020201020201010200000101020202000001000200000001010201010002000102020200020100000002000200000000020002010201020202000001020000000001010101020100020202020200010102010200020200000002000002000000000001010201010202020000020200000000020101010002010001010102010202000202000202010002010202000001020000010001000002020002020102000200010101020102020000020101010001010000010201020202000001000200000101000201010000000002000001000101010001000200020101010102020101
53 01000200020002020002010001010202020102000101020002000001010201020002000101020200020102010001010102000102020000000001000001010001020100020100000000000202020102020002010101000201020102000201000001010101000200010000020200010100010000020000000101020102010002000201000201020101020202020200010200010102020001010001020002020002000102020201010000000101000002000200000200010000010001000200010001010001010102000101000102000001020200020100020100000100010000010201010002020101010100010201000202020200020001020002000001020000
54 01020201000001010002020202010100000002000102020102010100000102010201000002000101000102010102000102000200000001010101010001000000010201020200020201020101010202010202010000020201020202010102000202010201000001020100000101000100000001010200000201000201010101020000000002020102000200010200020200000200010200000002020001000100000100010202010002000101000100020002010202020000020102010200020201000101020000010202010200000102000202010201010101000100010201010102020101020200010001000002000002020101020201020001020102000200
55 01000001010202000001020202000202010000010201010002010202010001010102020100020201000102000202010000020101000200020200020200010201010002020001020001000101000000020201010100000201020100020201010101020101010102010001000200000000020202000201010201020001000001020202010200000101010000000001010101000001000002010002020201000200000101010102000000020002000202020201020002010102020202020201000002010102020002000101010201000101010200000002000001000002010101000000020000000102000201010101020200000201010002000201000201010100
56 00010000000002000100010100020102010001000000020200000000010002010100010200020001010102020200010001000200000002010200010202020102010102000202000200020200010001020001010002000201000200010102000101010001000200010202010100020202000100010100010200020002010000010102000000010202000102010000010100020101020201020201010002020102020201000201000200020000020000000201010002020002020102010102000100010202000200020200000200000002020002020100000101000101020002010202010200000102000001000201010200010002010000000001020200020000
57 02000202000202010001020200020000000202000002020101020000010202000002020100020201000200020001020102020000010002000002000002000000000101010001010201020000000002020201020102000000010001010201020002010002020101010000020101010100010101020201010201000200020000010102020102000102000102010000010102020002000002000000000102010002010101000102000200000101000001010102020201020000020002010102020000020201020100020000000200010200010102020201000102020100020201020001020001010201000101020201010201010001010202000200000001020201
58 00020201000202010100020001010102000100010200020102010002000202010100000100020200010201010000020002000002010200000101020201010001020001020202010201010200020100020100010102020200010102020002020001010001010101010202020101020201000100020100020002010100020101020202010202010000020000000100010002010001020202000002000100020002000102000201010202000002020201000102000000000202010001000201010201000000000002000202010200000202010200010202010100020100020202000102010201010100000002000102000100020000010101010002020101000102
59 02010001000102020101020001000102020002010000010001020202000101000100010200000101020000020101020102010102000102000101020000000102020000010202020202010002020000020100000202010101000100010201010202020101000102000200020002010201000000020102000002000002020101010200020201010001000200000100010001010201000201000200000101020201010002010101000102000200000100020000010100010000010201010100010202020201020100000202020201020000010000020101000202000202000002010202020202020200020001010200010102000002020200020201020101000202
60 01020102010101010101020000010001000000020000020201000201000001000002000001000200010102020200010102020000020100020102010201020101010201000102020000000102020002010002010200020000010002020201000201020101010102020001020102010202010002010201000100000101010202010202010000000200000202010200020100020200010202020200020000000200000001020200000101020202010201020102010002000100010101010202010101020001020102000201010200020000010002010100010100020100000001020101010202000001000102010000000100020001000100020101020000000200
61 02020002010002010001000000010102010101010002000002010100010001020200020000000200020202000202010101000101010200010102020000020101020102010200000200000001010102000002010001000200020200020200000102000100000102000200000202000101000102000000020101000001020000010001020200000002000102020101000200010201010102000201020001000101000101000201010202020102020001010101020102010101020101010100010100020000000202000000000100010100020102010002000002010100000102000200000101010202010200020100000000000200020200000102020100000100
62 00020001010002000201000200020002000201000100000000000201010000000000020200000200010200010100010000000002000101010002020202000102010001010202000202010201000101010002020102010101000201020202000202010202000101010202020101000101010000020100020001020102000001020200000202020200000200020200010100020201010200000102000100020002020100010101010002020201000000020001000100010102010102000100010100000100020201010001000102020102010200020201020100000101000200000001010101020201000102000100000101010100000102020101020200020102
63 00000201010102000202020202010100020100020100010001000000000001000000010002010100000001020201000102000101000101000002010002000201010101010000020201000101020101020101020202000102010201020001000000020101010200020100010100010101020201000200010202020101000200020200000002020100010202020001020002020201010202010001010201020101020100020001010002020001000200010001010202020201010102010102020202020001020101020202000200000202020201010202020201000101010100010000000100020100010200020001020001000000010200020001000000000200
64 02020201000201000100000000000201020000020001010101000100000100020100020102020100010102010200010102010201010200020000010201010102020102010001000101000001000002020000020202000202020100000200000101000102000001020202000101000002000002010002000202000101020202020201010002000102010000010002020000000202000002010200000102020000000202000100000202010102000202020202000201020202000002010202010002000000000002020001010000020102000102000000000201000202000000010202020100000100000002020100020202010100020102020201010201020001
65 00010101000101010001010102010002000102010201000002000102020202000201010201020000000200010200010201000102000002020101020202020001010101010201010002000200020100010002000001000200000200020000020102010201020000000001000201020002000200020100010000000001000200020000020101020100000100000002020100020002000000010202000200020000010102020200020002000202020101000201000001010000020201000200010201000202000201020102000000010202000202000201010001020100000000000200010200020201000101020001010200020001020000010001000101020102
66 00010200020002010001020202010102010100020200020000000101000001000001010200010001010002020102010201020200010002000100010000010200020001020100000200000001010100020001010002020100020202010102020101000100010100010102000101000000010002000000000200010001020000000000000100010100000102000102010100010002010000020101020200020200000000010201020200000200010102000100020002020001010001000000000102000101020200010200000001000100010002000002000101010202010100020100000002010202000101010101020202000101010102000202000002000001
67 01010101000000010100010201020002010002010202020200010100000100020200010100000101000002010200020100020202010100020000000201000102010202010100000100000200000201010201020002000101020100000001020100000101010101010001020200010002010002010000000002010100020000010101020102000201000202000000000100010200010000010202010100010202000202020000000101010201000202000102010101010102020100010101010001010101010101000102000102010001010102020202020101000202000200010100000200010000020000010002020001000200000201000000020202020201
68 01000102020001000200000201000102020000020102000001000102010001020002010201000200020002020200020102010101010002000202010000010200010200010200020002020102000000020001020100020000020101020102010202020200000102010100010101010002010000010202000102020100000001010200020201010001020200020102000100010002010202000002000201000102000202010101000201000102010200020202000102020100000201020000000100020001010001010001010201000000010202010001010002020101000101010201020201020201000002000002010101020001020200000202020202020002
69 00010100020100000100020101000200010100000102000201010101000001020001000102000201020200010001010100020002010202000100020002000001010101000000000001010002000201020001010100020202000201000102000102020102000100020200000201020101000002000202020100000100000001010000010200000201000101010201010102020200000201010202000001000102000002000001020002010000010200010002010000010102010200020101010102010101010100000101010000000000000002020101020001000201010002000001010201000200010001000000020101020000020201020101000101020100
70 02010200000101020102010000010001020100020002020101010200000200020002010202010200000101000002010000020202020202020202020100020201000102000101010100010102020002000202010000000002020201020201010100000002010201000000020100010100020001010201000000020202010002010201010201020002010001020200010000010101010201020102000200010200000202020100010101020101000002000102000001000001020101020202010000000102010100000102020201000202020101010201010201000202020200020102020201020002010000020102010000000001000102000002000202000101
71 00020002020101000000010001010001000202000200000000000001020002010102020201000202010000000201020200020001010201010102000100020100010100020001010001010102000000000000020000000000020201000202000100020000000101010200010001000202020102010100020101000100010002010000010000000201020001000001010001000100020100000201010200010101000202020001020001020100010101010102010101000000020101020102020100020202010000000201010202000201010202000102020102010002010200020202010000020201000001020102020101000200000202020101000202010200
72 01010100010201000001020000000200010201000101000100010101000000010202010002000201020101000002020000010200020100010102000000010001020201020101010201020202000200010100010102000000020202010202020100010100020001010000000101010202010000010102010201000100020202020102000200000200010101020002010002020100000001000001000002010200000001000102020000020102020102010200010201020000000202010202020202010202000201020001010100020100010200020000010000010002000101010201010100020002020100010101010200010201010200020000000001020102
73 01020101000001000201020101010102020001000200010001020201010101000000010202010001000202010001010101010002020002020200010002010000020101010000000202020002000102020001020101010000000202020201020002000002010101000002020001010200020001010200010202020102010102020201010102020002000001010101020102010002020102020202000202010201020201000002010102020001020101010202010100020101020101000202020101010101010100010001010202020001010201010201020002020002020101010000010002010201000001020000010001010101000200010002010001020102
74 01020200000001000002000001010002010202020001000000010101000001000002020201020101020200020101010201000201000102020102020201010002000201010101010000000002010101000101020200000101000000010101020002000000020202010200010201000200000201010202020100010001020101020001000102010100000202000200020000000200020201010001000101020000000201010202000001020100010001000200010100010000000001020000000202010000010102010101000201010100000100020002020002000002000101010100010001020200010201010200020102020001020202010201000001020100
75 02010101010201000202010200020100010201000101010100000002000000000201000200000201010101010000000101020100020100000101010202020000020100000201000000010202000200000000000001020102000100000201020101000202010200010201010200000201000002010100000100010202000201010201010100010101000001010202020200020000010200010101010102020200010200000001000001000200010002000001020102010201010000000002000002000100010201010000010102010102020101000100000000000102010102000202020202020000020101000001010002020002010101000200020202020001
76 02000202020200000201000101000100020200020000010100000100000100000200010201020100020200020100020001020200020200020201000001000200020001010101010000000002000200020200020201020100010201010000020000010002010002010202020200010100010100010200020002010201020002010100000102000002010002010200010001020100020001000002000100010101000002000002000101000101010201000000020102000100020202020001000102000102000101010000000001020200000102010201000202010001020002020001020200010201000002000002010002020001020101000002010101010100
77 00010001020002000000020100000001000200000002020200020002020200010200020001020200020202000202020002020200010202020101000102020201000001000001000101000000020201010101000200000100000201000002000101010001010002010201010201010001010002010000020100010002020201000100000200010100020202010100020100020001010102010102000002000100010102010002000200000101000200010002010202020000020100010002010002010101020001010101010000010200020001020001000100000200000001020102000102000200000101020102000000010002020001020202010100010101
78 00020100010202010200000102020100020200010202000002010102000202020100020100010001020100010100020200010002000201010002020000010001020102010101010000010201000000000200020200020102020101010001020202020001010102020102000001020000000001010100010102000100000102020200020101000002020100000101010102020200000202010100010001020200000002000101020100010101010102010102000101000100010002000202010101020202020201000100000102010100020200010101000202010201000101000200010000010102010201020000020000020202020101010200010100000202
79 01000202020001000100020100020102000000000102000000020200020200000002020102000101000000000202010202000001010202000000020001010101000000010200010000010000020100020100020202010102020001010101000102000202010102020202020200010000010000010101020102010000000101020101010101010101000001020101010102000002000101020102000001020202020102010201000002000001000000020201020000000001010201010000000001000101020102000001020000000200010102020002020100010201020100000001000002000000000000010001010000000201010101000002020000020200
80 00010001020001000002010000010100010201020200000001000102020002020100000100000100000202020002000001020000020100000202000202010100010100000100020102020000000201000201010101020002020000010200020102020201020201010201000002020000020002000202000100020002020102000201020202020000020200010101000201010101010201000000020201010100010001020100020201000202010002020201020100000201010101000202010101010002010000010201010100010000010000010002010200020100000102000100020001020200020102000202020102020200010002020100020002020000
81 02000002000001000102020201010201010002000000010000010100010101000102000102010201010100000102020102020202020202010101000002020201000202010200010100010100010100010001000201010201000202000202020002000202000100000201000100020100000100000000010002000101020202020201010200010100020201020201000100000001010000020000000202010202020001000001020100000001000001000002020102010101020201000002010100000000000100020001020200020201020001020002010002010201010102010002010000010200000102000002000001020002020002010002000002020102
82 02010001020201020000010100000200020002010002020002000102010102000200010201020001010201010101000200010001020001010001000001010100000000020200000201000202020200010102000001020202010002020000000102020102010201010101000202000000010100020101000002010101020102020101010202000102000000020100010200020201020002010101010100000201010101010202000200000200020101020102020002000102000001020000000101020001010002000102010101000001020000000101020100000201020202000000000202000202020100000002010200010100000001000202010000010000
83 00010200020002010200010202010001010002000101020202010002020102010100010101000200010000000000020202000200020200020100010001000101000100010202000101010201010202020201000101000001020001020101020202000002000102010001020001020002020101020002020200010002000001020001000200000100010100020001000202010202010102020000010200010200000001020101000202020201010002010102010101010001000102020102010200020200000002020102020202000000020102000102000101010201020102000102000102020202020102000100020000010000020002010000000002010102
84 00000100010100010001000102020201000100000000020001020201010102020201010000020101020102000202000101020001010002020201000002000202020100020102010002010202000002000000020102010101010000010101020101010201010000020001020000010200010201010201010200010002020001000201010202010100000002000102000000020101020001020002000200010000010100020102020102010102000000010101000200000200020102010001010000020000010200010100010000020001010200000200010202010101020101010201010000020202010200020002000201000002010200010202000201000001
85 02010102000000010001010100010001020101000002010202020200020100010100020202020000000002020000010202020101020001020001020000010201020200020102020001000000010001010101000000000100010102000000000201020200000001010101000100000002020001010201010200000200020000010100010102020202020100000001020101010102020200010002020201010000010100000100010100010101010102020002020202000002020200000101020001020201010202010101000100000200010201010100000102000102010001000002010002000000020200010102020101000100000200010201000101020001
86 01020102010101000001020102010002020200010100020000000101020002020102020101020001000100000001000000020202010201020201020000000100010101020100020002000002010200000101010201000001000101000202000202020000020000010202010102010102010100010101000102000202000102000100000202020100000201020000020102000202000000000100020101000001020102010101000102000002000002000000020102020001000201020100010002000101000101020002010202000201000000000102020001000000000101010002000101010101010202010001020102020001000100010201020200020000
87 01010202020002010002010200010200020002010002020102010001020101000200020101020002020100010001000202010001000102000002010000000202000201020102010100020000000002000200000200020202000100020000020202000002000100010200020101020001000202000002010101000101010002010201000102020202010100010201020100020101010200010101000101010001000101010001020002000200000200020200000102020102000100020001020101010101020000000101010000010002000200020200000100000101000001000000010102010101020202000200020101010202000001010101010200010201
88 01000000010201020201000100000001010101000201010001000100010101010201010201000201010002020201010002010201000200000100010000000002000101000000020102000000020102000102000201010101000001020101020102000000000001020201010201020201000202000002000200020001020202020101000102010002010000020201010200000101020001010200010000020202010202000002000101020101000200010000020201010202010100020202010001010000010202000001020102000001020001020100010101020202000002010100020101000001010102010200010202010201000000020100020000000201
89 02000001020201010001000101000100020002000001010201000101010100010000000200010100010100000201000000020202000202000102020102000201000201000000010100000102010101010100020101010101020200010000000000010102010201010201020001020002020002020200010002020002020100010000010201000201020001020000000001000201010101000101000101000200000202020000000202010102020101000102010001000001010000000100010101010101020000020100020000010100000201010102020001020000010001010202020000010102020000010000010102010002020102020202010001010001
90 01020101020201010002000002020001020001020100010001020202000001010201020001000002000202020100000100010002000100020101000101020101010100000000000002020002020201020000000202020102000002010102000202010102000201020100000202010200000201020102010102000201010102020101000100020100020102010100010002000002000100000102020100020201010100020100010001010101020201020200000000020001010101020201020200000000010100000202010202000102020201020000000000010201010102020002020002020200010200020202010202020100000102000202010002000202
91 00010201000102000101010100000201000200010201000100000201000101000201010101010202000000010100010200000001010100020002000200020000000101000202010202010200010201000001000001010001020100020202010200010002010102000102000102010001020102020002000002010000010102020001010000000001020002000202020000010001000101020102000202000001010002010000020202010102010002020100000200010100020002020202020200000001020000020101000001010001000200000001020101010200010001000000000202020200010101020201020100020000020102010101000202010201
92 01020200000001020200010000020100000002020200010001010102010202020102000101010101020100000102010002020200010102000200020100010202020102010200020200000000020102000202020102010200020101000101010102000002000101010001020100020001000101010100020201010000020102010102020201010201000000010102000001020100010102010201020101000201020202020101000201020201020202020100020000000201000001000000010200000100020202020202020100000002020100010200020002010101000200020100000101000200020200020100010200010101010000000100010200010002
93 00010201020002020002000201010002000002000200000101020200000000020102000100010102020101000002000102000101010201000100000001020102020101010202020001020000000102010101010200000100000200000200000001010102020102000202020201010102010001020201020202000000000202000100010001020202000101010002000102000000020202020200000002000100000102020200020002010000000002000000000100010100000002010102010200000201020000000201010101010001000202010102010001000202010102010102020101000100020202010000000101000100020102000100010102000201
94 02000102020001010100000202000002010000020201000000020202020100000001010202020202010100000101010001010002020200000000010201020101010001000000010000010102020202010202000002010101020000000102010100000100000000020000010100000201020201000202000002010101010201020101010002020100020001000001010202020002000202010200000201010101020100020100010201000001010100020200000102000202020002010101000200010101000000020001000101000001010002020201000101010202000201000201010101010100010001000200020002010102000100020201010001010202
95 00010200020202010100000102020201010200000102000000020200000000020102000001010000000000000000010002010202020002020100010002000101020001020102000002010000000200000102010200010202020200010100010002000101000101020000000100010101010101020100010000010000000102000002020101020001020102020102020000020002010002010100010102000102010201000202000201000202010001010202020102020101010000010100020001010201020201000001010200010000010000010000000001010000020002010102020000010200000002010101020202020000010102010200010102010002
96 00010201010200020202010101010101000200010201010002020102010101000100010101010200020002010200000200010200010200020002020102000000010000010001010000010102010100020100000200000200000202010202020201020000000100010001000101010000000101010202020202020200020200000102000202000200010000000101010000020102010200000202000102020100020200000002010101010001020200000202000002020200000000010002020002010202000200000001010100010000000100010201010000020202010201000001020002000101010002020202020202020101010202020202000100010101
97 01020001010201010200000002020101000102010201000101010100020102010200010200010000020000000001020000020102010101020000000201010000020002010001000101000202020102010102010101000000010202010201010102010001010101020002010001010100020001000100020100020002000200010102000000020001000201020201010000000102000000000000010001010102000101020102000101010000000202000201020201000102010202020101020102020201020102000102000101000101010002020001020100010101020100020202000000000102000102010000000002010002010201000202000002020100
98 01020100000101000200020201010202000100020101020001000101000000020201010000010200020102010100000101000200020202010001020001000100010100010101020102020200020100000100000202010201020100010202010201020001010201020001020200010102010202010202000001000002020102010002020102000102020101020202000000020101010201000002020100000000020100010002000101010001000102010200020001000002020200020002000001010101020101010001020201010002020002010000000200010002010201020000020102020201010101010101010202010100020000020002000102000102
99 02020002010200020100020100010202010000010201010102010102010100000201010001010202000102010201000102000101000102020200000002010201010202020100000000000002010002010202020200000000000000020002020101020001020202010200010201010100020001010200010002010101000202020100010201010101010000020101000102000200020102000001000000000201000100020200010101010200010100020001020000020000020201010102000200010000010001000200000002000201020102020000010200000100000100020200000001010101020102020200010102010000010100010201000101010200
100 01020101010100020202000101020002020000000002010101010200000000000101020200020102010001010101000000020101000100000200000000000202010002020001000002010002010202000202020200010101000201010201000200020102010201000102010002020102020000010202020100000200000101010102010201020000010100010102020002010002000001020102010200000202010102000101020200020101010001020202010201020202010200010102010101020202010000010100000102000002000201010100000201020101020201020002020002020201020200020202020200000202000202020202000202000202
101 00010101010102000000000200010002000000010200010002020102010202020000000102010002000001010002000202010000010201000201010102000102020001010201020201000201020202010001000100010100010202020001000100010001000100010100010202010002020002000102010102020101010000000100020001020201020102020202000101010001020200010102020201020202000001020100010102010000000102000202010001020101000001010101010102000200010201020101010101000100000101020202000002010100010202010100000202020202000000010002000102010000010001020102020100000000
102 00000001010100010002020001000001010102020201000101010001010100000001000002020100020000000002020100020200010000010000020002000001010000010202020201020102000201020201010200010102010001010201000000010101020001000001020101000001020200000202020201020202020001000000000101000002020201000100020101010002000000010201010202020202020000020101010101010100010000010101020001000002000001020001010001020200020200020001010101000102010002000001000200020100000100020200000002000000020100000001010001010200010000010201010100000001
103 02010001010002000202000002020200020100010100000102020100000001010002020100020001000201020100000201020100010101000201020102000002010002010101000100000001020100010201010202010102020201020201010001000101020102000201010101020202020001010201020200020001000202010201010101020001000001010001010000000102000101010201000201020002010200010202020101020102010200000101010100020002020002010102000100000000020202010101010100010101010100000002010100000200010000020002020201020001020002000001010002000102020202020100000202010102
104 00020102010001000200010100010201010001010002010201010200000100010002000201000102000002010002010101010201010101020102010002010201010200010100000202020002000201000002000202020002010001000200010102010200000100020000000000000001000100010000000002020202000002010101010001010202000001010202020100000102000200000100010200000201020000000102020201000200020000010000020100000102010101010201000002000201000000000202020000010000020101020202020201010000010001000201010101000002000001010001020102010102010002020201020200010000
105 00010202020001010100000002010102000101000101000002010200000102010200010202010100000201000201000102020101020202010202010101010202020101000101000102020202020100010002010201000102010202020000020002010102020202020102020002000202020101000101000001000100010101010001010002010100020000020100020002010102000200010102020101020201020200010100000201020001010100010100000200000202020000000101020100020002010200010201000200000002010101020001020001000101020002000201020002010002000100010100010102010001020200020001010001010100
106 00020202010202000201000001020102020201000101020200010002020202020100010001010202020102020101000102000101010100000100010002000202000002010101010000010202020201010101010000010201020000010200020101000002020001020101010000000201020202010001010102000202000001020000010201010000000202010102020200010200010100010101010102020102020102000002020002020101010001010001020000010101010200000002010002000101010102020001010200020002010102020200000000000001000101000202000200010201000102020001000100000000020102000100010102020102
107 00020102020002010202010201020200020202020100000000000201000001020102020102020202020100010202000100000201000101000002000201000001010002000000010002020201010001020102010100020202000201010100010002010000000101020000010002020100020201010001000201020002010101010201020000000202000000000200000101000001000202020202010202020201010002020102010201000201020000010200010100020202010101000101010201000201010001020001000002020101020000020200020201000002000102000002010100000202000202020000000202020002000101010102000200010202
108 01010201010202020200000100010002010002000100020001020200010102000202020000000200020102000102010001010002010102000200010000010000020202000002010001000102010201000202010101020000010100000200010100000201000202000001020000010002000201020100000001010000000101010102020102020000020202020001020102000101010002020201010200000002010201000201020202000100020102020201010001020001010201020001000101010200000102000202000002010200000001020202020202010000020101010101010002020001000200010201010102020102010000000102020000010201
109 02010200000100020201020200000000010100010000010001010000000101010101010000000000010201020201010001010002020102010100000102010102020200000101020200020100000000020200020202020000000202020101010102020200000002010201010100010000010100020200010101000202000001010202020202000001000101010201000200000000020102020002020201000201010001010201020200010101000102010201010101020102010000020001000200020100020002000200000102000200020201020100000101020002010101010201010000020102000100000100010001010100020002010201010001020102
110 02010101000102020100010000020001010202010201020002020101000000010100000002020201000102000100000202000200020002010100010202000200010202020102010100000000000100010100010200020002000000020001000002020100010102010202010002000201010101010102000100000201000102000001020101000002020000020100020000010202000100020200020101000201000100010000020002000102000100000201010100010100000202000000020102020001010102020202020000010100010001000201000000000200000201000201020001010200000200000200020202000202000002010100010000000200
111 02020000000100010102010000000002020202000002010100010200000200000200000200010002000102010002000101010100000102020201020002020100020200020101020200010100000002010201020201020101020201020101020102010201020001020001000101020001010000020100020102000001010100020102000200020002000001000101020101020100020001000100020100010001000201010001020100020100010102000200010202020002020200020000000202000000010101000201020202020001010200020200010002000000010001000102010200020100000000010001000100020101010100020100000101000002
112 01010100000001010001000000020102010200010001020002000100010100020000020201000002020100000102020102000000020100000002010201010200010101020002000101020000010102020200020100000202020000000200010101020100000000020100020000000100010200000200020100000101000100020001010102000100020202000201000200020201020200020101010202010201000200000101000100020201020101000102010200020200010000000202020101020200020002020201010001010001000002000202000200000102020202000102000100020002010000010002000000000000010202020000000001010001
113 02020102020001020000010201010002000102010201020201010100010200000200020100010102000100010001010101000100000202000101000100010001010202010100000100020002010002020200000000020202010201000200010202010000020200000001010000020001010201020002000001010200000202010002000000020002010101000100020101000102000102000201020100010002010201000201010000000002000202000002000202020102010000020100010202000100000000020002010200000001020001020202000102000201020101020001010001000202010201000102000202010102010102000200010001010201
114 02020100010001000000000201000200020002000002020100020201000002000201020000020100010201000001020200000100010001010200020102010000000002010101020100010202020202000102010200000100010100000000020201020200020101010000000201010100020202000002010000020200010000010001010002000201010200000002010000020202020102000100020000000201000200000002000100010002010202010000000002010102000002020102000201020101020201020002020101000200010001020002020200000201020202010100000202000200000200010002010102000202020000020200020202010000
115 02010202000100010200000001020100000201010102000101000001000002020200000000010201010000010000000000010001000102000201000101010202000002000201010202010000010000000102010002000001000101020100010201020100020201000000020000020102000002010101020101020101020100000002010200010100020000000002000201000201020200000000020201000002020001010100000202010100000100010100020001010101020202010100010202000102000100010001010200010200020100010000000101010002020201020002010000010202020100000101020000020001000002020000000001000102
116 01010100000200010002000001000100000202010002010200020200010200020101020102010202010100020001010102010100020202000102010102000002010002000101020101020002010102010200020101000001000000010200010002020002020000010001000101020002000002000202000201010000010201000101010101010001000202000002010102000101010101010101020102010000000202010002010102010202000200010201010100000200020101020102010202000100000000000100010200000002010202000202010002010202000201000000010000000101020202010000000000000002020000020001010001020200
117 01000202000000020200000202000200010202010002020202000001020002010201010101000200000202010001000200020000000101020102000101000200010201020101000000020102000100000200010202000002000200020200010002000101010202000102020201010200000100000100010201000101000200020100010202000200020101000002020102000100020002010200010101020002000000010002020000000102020001010002020000000201000200010101010200010202020101010000010100000202000100000002020100000201010201020202010200010102020001000000020102000002020100000001020202020102
118 00000002010101000102010002020002000201000200000101010200010101000100000000000102020200000102000101020000000102020101010001020100010000000102020201020002020202000001000202000000010001010102010202020101010201000201000001010002000202000200020002020200010100020002000001000102000102000102000100020000000000020101020202000202010101020000020002010001020000020000000200020102020201020101020101000202000002000002020201010200000102020200020200020001010201010202000000010101010202010202010001020001010200000102010001000100
119 00020101010202000101020100010102020101000002000102010001010000010001010101020101010202010201020202000000010200000200010102000000010102010100020100000001020202000200020200010002000202010000020002020101010001020201010200000202000102010002020201000000020101020201010000020202010200020101000102020202020202010000020200000100000102010200010200020202010101010000010201020101010101000002010201020000000000020201020201000200000200000201010000020100020001010101010100000002000000000202000002000202000102010202000201020102
120 01000100020102010102020102020102020000000200010101000101010200000101010000010200010102000100000102000101000101000100000001020002000200010101020000020001000002000202020102020200010202000101000000000100010001000002020002020001010200010100020101020101020201010202010100020101000102000000000202000202010100010001000101000000020101000002000102000202020201020102000001010002010100000102010001010200010202020001020201020101010101020201020100000102000000000002010100010001000101010200000201000200020102010102020201010201
121 01000001010201010102010101000101020200000201010000020001000101010202010101020002020200020201000102020102010102000102000201000201020002010102020101000202020102010000010202000001020200010001000100020202010002020202010101020101010001000200020102010101010102020100000202000200000202000202000200020101000102000002010202020000010101000000000102020201010101000101010200000002000000020201020200010202010001010200000002020202020002010100010200010100010100000201000201000200000102010000010200000002020202010200020202010102
122 01020202000001000202000100000201020002010001020202000100020001000202010102000000000102010200010200020001010102000000020102000100020001010101020202000200010001000200010000020002000200000201020200010001020002020200020102010200020202000102010200010002000001000001010202020000010201010001020101020200000100010102000202010101000202010201010200010202010202020102010002000201020102010000020200020101000100020002010101020001010101000200020102020002020002000200010200010002010201020101000102010201020200010002000001010201
123 01000000010102010200010000010200010202000101000002010101020101000000020201020102000102020100020102000201010202010101010102000100000100000100020101000202010101000201000202000001020202000002000200000001010201010102010000020102000201000102010000010200000002000000000002000102020201010001020002020001020101000102020202020201010102000000000202010000020201010002020002020001000001000201000200010000020102020101020000010002020101000201020200010200020002020202010100000002010200020102010200020002010100020002010102000102
124 00020000000001000102010102010001020201020000000201000002020001010000000201010002010102000202010001010002020002020202020101020100010102020201010000000001020201010002000100010101010002000201000000020000020101000100010200000202000100020201000000020202000000010202010000010100020002020102020001020100000200000001020001020001020201000102000101000102010102020100000100000102010201010202020201020002010101010000010100020000000202010201020201000202020200000101020101020002000201010001020001010100020101010101010100020000
125 00000101000000010000020101010100020101000202000201000201010001010001000200020200000102020202020000020200010000000001010200020001020101000200010101000002020100010201010100000001010001000200000202010201020001020200000202010100000202010102010002020202000100000201000001020000010001020001020202020001010200010102000001010102000001020101000002010100000002000001010001010100010001010002000002000002000102000200000201020002010002020202010101020002010000010202000202000002000102020000020100000001010100000200020202020201
126 00000001000200010000010200010101000000020200000002020100020002000101020101010101020100000201010200020202020000000202010102020200020102000200000000020100020200000101010001010102020201010102010202010202000100020102020000010200010001010002000100020000020101020200000201020000020101000200020001000001020101010200000201010002010201020202000002020000020201000201000100000202000002010001000202010202000100020100000100000201020200010201010101000101020002020201000100020001010200000001020101010001000201000202000002000101
127 00010202000000000002020202010201010100000202020201000002000101020100000002000200010102020201020100010201020001000001010002000002010000000001000200000101010202000100010102020202000001020100010101000001010202010002000002020201020201010101020000000100000102000102010001020000020001000001010201010001000200010200000100010200000002010101020101010000000201020202020100020101020001000102010002000000010101000100010100000201000000010000010100000102000102010001010101010201010001000101000201020002010200000101010202000201
128 02000201000000010002010200020202010201020201000000020002000001000202000002010000010102020202010101010000020102010202010101000100000101000201000100000002020100000000010001000101020002000201010202000101020101010002020002010200010002000200020200020100010200000001020102000002010201000202010000000002020100020202010202010200000200020100010202000201010200000001020102000002020202010000010200000200010101020002020001020102000100010102010101020202000000020102020001010000010000010102020000000101020000000101000102000002
129 02020001010202010202000000010201010101020101010001010100020001000202020001000002010000010200010002010000010202010002000000020001010200010002000002020201010100000102020102020000000101010201010202020202010200000000000100020202000000000102010102020100010201020002000102000200020202010100010200020101010100010202010000020201000002020001010201010001010200010200020102020001000101010002000200010201000002010000000102010002020000020200010002000000000000020201020200000201000100000002000101020101020202010100020001000001
130 01010101000101010200010101010001010100020000020101010200010202010202010100020102020202000002020201010200000002000000010001010100020102000200000202000100010101010101010102010100020201010200010000020000020200000101020200000100020000000100000102010101010101020101020102010201000102010101010002000102000102010200020201010001020000010201010102000001000202000200010001020001020102010000020201020100000100000100020000020002020200020201010002020002020101020102000001020201000201010201020000010000000101010200010100000000
131 02010001000102000100000102020100010202010102000002010201000100010002000002020002000100010000010200010202000001000100010102000101000001000001010002010001010202020201020201020201020000000201020100020101020202020202010001000202010102010200020100020200020001010000000200010102000102000002000100000100020102020002010200000101000200010200010201000202000002010202020100010201000201010202010002000101020000000202010200010202000202020200000100000001020002010200000101020002000001010102010002010101020202000002010202000002
132 00010100010102010001020101020200000201020201000001000000020002010001000102010102000000000000010001000001020102010002000100020102010201000002010102010000010201020001020200010201010202000000020102010102020002020201010002000201010202000000010002000000000101000200000201000201000002000001010100010200010202010000000000020000010101010202020201020102010000020002000202020202020002000001010101010102000200010102000000010200020102010001010001020202000000010102020200020000010001020200010102020100000000000102000001020002
133 00010201000002010102020202020000020202000001020102000000000102010001000102020002010200010200020202000000020201010202000100000202020102000200010100020002020002020002010201010100020201010101000101000102020101000102010101000000010001000201020002020201020100010000020200000002000100020000000102020202020100020202010200010101000102000201000001000202010001010001000102010102010101010001010001020100010000010202020201020102000002010202010202020200020200010101000201000101020200000001000000010002000102000002010202020001
134 02010102020000020202010102010000000102010002000100000202000202010102010101000000010100000100020000010200010100020201000101020002010101010201020002000000000201000002010002020202000102010200010002020201000000010202020200020001000201020100010201000000000000000202000202020101010201010201010200020101000001020200000001000001010202000101020000020101000001000002020001010102000201000202010000010000020000010001020102010201010202020202000000010202020100020102020200020101000101010200000100010002000202010001010201010000
135 00000200000201010201020201000202010101020102010202000001000000020100000201020102000100010001020102000102000001020101010001000100000102010100020001000001010100010102010202000002010002000002000201010200020202020100000102020101010001010202010000020001000001000202020201020200000200010000020100010200010102010002020002010101000201020102000200000001000202020200000201020202010202020202000200010201000000020102010001000001000202020102000001000001020201020201010100010201020201020002000200000202020102000100010101010202
136 02000002010102010102020000010002010100020001010201010102010101000000020102020100000202010001010202000002020000020100020200010001020202020002000100020201020001000002010100000202000200010102020200020202000000010100000000010100010002020202000200000101000002000000000102000000000000000102020002000100020101000001000200010201010200010101020101010200020200000000010200020100010102000000000100000101020202000000010101000001010202020200020101000201000101010202000000000200020200020100010200020100010101010202020101010002
137 01000001020102010201000200010202010001000102000200010200000101020002020000010202010201000001000000000100010202020100010002010201000001010001020200010000020100020001020200010100000100010202020200010201010001000101020002020100020101020002010202000102000002010100000102000000000101010002020202020202010102020002000102000100020100010001000101020101010002010100020001000201010101020002010202010102020002000202020002020202010000010000000000010100020000020102010201020002020002010202020002000002020101020102010202010200
138 00000200020200010102020002020101020202020100020000010201010002010002010101010202020002020001010202020202020101020101010001020000000001000200010101010102020002020200020001010102010001010101020101010100000101020101020200010000000101010200000002000102010101000102000100020101000102000102020001000001010100010201000200010000010001000202000002010001020002000201000102010002000101010100000200010002010000020101000200010000000001010100020202020002020200000002000002000100000200020102020001000100020100010201020001020002
139 01010201000000000000020102020200010200010001010002020102000101020002020200020102000102010201000002000000020202020201000200010200000201000001020100010201000100010002020002010100010002010201020200020002010001020200020002010002020002000101020001000000010202020200010000000101020002020200000102010102000100020201020200010101020101020002000001010101000002000002000201020102000000020202010000000200020002000002010000020200000100020101000202020001000000010001000200000100020002020101020201000001000001000102010100010201
140 00010100000000010202000001020102000001020002000100010002020200000202000001000102000201010102020202010100000101020001010201020100020201010202000000020202010200010002010001010000010202000000000200000202010002010200020102000101000002020001000002020100000001000201010202000201020000010202020000020102020000010102020100000202010001010200020102010100010001010101000000000000020101010101010202010000020100010002020000010000000000000002010100000002020000020102000100010202020100020001000000020101000100000200010002020101
141 00020001020002010200010002020001020000010201000201020201010100010101010200010202020002000202010001010100000201010102000100010102000002000002000200020001020100020002010002020002010101000001010200010002010200010202000201000002000002010201010000020001010101010000000100020201000202000201010102000202020001010002010201000102010101010202010101020100020200000100010101000001010100000000010102000200000102020100020100000200020101020100010201010100010102000201000001010201010001020101000102010101000101020002020101010101
142 01000102000002020101020102000200020101000101000202000001000201010001010202020201010002020002020201000200000202010101000100000100020002000000000202020100020202010202000000020101000200020001010000010102000200000201000201010000000100010101020000010102020200020102000200000102020102020100000200020200020100010100000102010202020102000001020002000002010201010002010001000002020200010201000000020100010202020100010200010202000101000200020002010201000002020200010101010000000101010001010000010202010101000201020002010102
143 00010100010101000200000100010002000101010102010100000101000202010201000002010002000201010001000100000002020000020102000102000002000101010202010001010202000201020101010202020102000101010200000000020202010202010201010101000000020201010201020101020102010002010100020201010200020100000002020201010201020100020002010200010001020001010001010201020100020202020101020000000201000001000100020101010002020002020202000001000201000102010100010200010101010200000002010000020002000002020001010102010002020201020002020202000000
144 02010100020200000200010100010202020201000201020000010101020001010200020101020000000102020101000102020101020002020000010200020100020001020101000002010100010102020001010000020001010002010202020202000100010101000100020200010002000202000202010201000200000100010201010101020000010102000000010001020102010100000201000102010201020202000001020200010200010001020101020001000000020201010200000000020001010000020201020002000201000001020101020202000200000202000101000202010100010101000102000200000001010101000001010100020101
145 01000102000200010200000001020100000200000002010201020101000102000202010200000001000201010102000200000101010200010101020102000000010102010102020100000102010002010001000001010002000002010100020200000200020101000102000200020001010100020201010001010002010000010000000102020000020100020202000200020101010201000201010202000202000002000000000001000101000000010202000100020101020200000202010001020201020200000201020202020202010202010100010200010001010100020201010002010101010102020101020100000102020001010101010201000000
146 02010200020000000201000201000002000100000202000100020001010201000001010001010201000201020102020201010002010201000102000102000000020100000202020201000200000102000200020101020000020202010002000201020201010001020100020100020002020102000100020102000001020002010101000102000001010000020101020200020002000101000200010000020201000201020201000001020001000002020000020201000201020101020200010200010201010001010100000002020002000000000001000100000202000201010000000202000000010000000000010202020002020201020100010200020000
147 02010101000202020100020202020102010002010201000101020101000200020102020202020002020002020202000100000101020201020201010202020200020101010101020102020201020201000200000000020002020002000201020000010101000101010002020200000202010102010202010102010201020200020200000001010201000201010100010102020001010000000200010201000001000000020000020001010201020002000102000200010202020101020102010200020002000000000101010001020200010201020201010102010001010001000200010101000002000200020001020000010001010200000001010001010102
148 01000202010202000100000001000100000101000000020101010101000201000202000100020002020202010100020202010200020001000201020101010200010102010101020201020202010001010200020001020102020201000202000202020202020002010000000000010002000202010001010000000100010200020102000200020201010100020201000100020102010201020202010100020100000101000002020202010000000100010102020000000201020202020100000000010102000001020201000200000000000100020002020102020200010000000000000100020000000200010001020200000100010000000002000001020200
149 01000100010100020200010101010202020102000202000101000000010201000002020001000001000200000001010200010102000100020002010201010001020002020002000100010001000102020001000200000202020002000000020101010200000002020101020201020202000200020200000102020001010101020001000100000202000202000201000201010100020200020100020200020102010200020100000202000202010100020000000102020000020200010002010000000000010001020102000002020102020201020102020202010002010202020200020102020201020202010202000001010102010002010201000100020101
150 01000102010101020002000101020201020002010102010200010001020202010200010002000000000202020002010000020001020200000202010002010101010001000202000202010100000101000101020001010202020102000000010201010201020201020000010102010201000202020201020101010102020202000100010101020101000100020000010200000002000001020201000200000002000101020001000101000001010201020001020102020001010101000200010002010200010201000000000200000002010101000001010102000000010101020101020102020100000201020200020102010002000001010101010101020101
151 00000201020101000002000000000200020102020201020200020202010002010101010002010101000102010000010002020002000000020102010102010201020100000102000000020201000101020201010000020102020000010102010101000201000102010001020102000201000002020001000202010201000202010202020000010102010001000002000000000201010201010100000000000100020102000100010201010000020102020200010202010102010202020000020000010100000002020201020002010202020102020201010000020100010001020202010101010100010102020100020000010201010102000201020001020100
152 00000201010100020101010002010101020000020102010200000202020102000201020101010100010102020101020000000000000100020200010202000202020200020202000002020000000002010200000202000200000200010202020202000002010002010200010100000201010201000200010001010002000102000200020002010100010100010201020200000001010002020002000101020101020100010201010102020102020002010001020201000101020000010202010201010002020200020001000201020102020101010101010202010002000102020201000101020001000001010002000102000101010202010100020200020200
153 01000202000200020100020100000202010202000101010201010102020201010001010101010201020201010002010202000002020202020102020000000200020202020001020201010001010100010102010200000202010102010202010000020102010002000201020202010202020002000102010200020102010101000100000201010200000202020102000202010100000200020000020002010202010202010100000201020202010000020201010101010102010202000000000002020102020102000100010202020101020102010002000202000002000101010102010102020202020000020201020001010201020002010202020002000101
154 02010202010002010202000001010101000001010202010101000202020000020201020202010002000102000101000000010200020200010100010002010200010201010102000100020100010201020200010002010002010000000200000001000102020000010200010002000200000200020201000102010101000201000100010001010201010102010101010200020102020000010000020102020102020200000001000101000202010101020002010101010000000100010100020200010001010000010201000000000202020002000002010000010000000202020102000002000200010001020200020102000002020200000201010002010201
155 02020000020002020200000100010201010101000001010101020201020101010101000102000100000002000200000200010201010102000200010002000000000102010201000001000100010101010202020000010002000202000000020102010000010100020200010002010201010200010102010001020002020102010101020200020001000101000000000202000102000202000200020200000100000201020202010201010002010202000001020200010201000102000100020101020202010201020001010202000102000100000002000002010100010101020002020002010202010002000102010100020101020202020001000100010101
156 02000102020201000001010001010102010202010100000002000000000101000000010200010201020200010002020101020102020002010201010201010202020002000000010001010101000002000002010101020002020102010200020002020201010100010201020200010100000200010002010001020001010200000200020102010002020100000202000000020002010001020001010001000202000201000202000202000201010201020102010102010102010202010002000002010100000101010000000201010102010000020201010000010001010101010102010201020001000102020201000200020102000201000102010202010100
157 02000000010201010000020100020102000100000102020201000202000201010201020100010000010200020002020200020101000002000200020201010100020101020001000100020100020200000102020100000200000200000202010202010201020100020100000201010000010202000202020102010100020000020100010002000102010001010200020100020001000101000202000101000000010000020202020001010202010100020001000202010100000200010002020101010100010000010100010202000100020102010200020202020100020101010102010002020200010201000000010002020102020200020001000200010202
158 00020200020202010000010001000200000101020101020002000001010100020001000101000202020100020001020002020100000100010100010102020201000100020101010202020100020200000201000201000000010100020000020001020002010101020100000002010001000101020201020200020002010200000102010202010201010101010102010200020001020000020202000202020100020002000100020001020100020000000002000200000201020000000200020002010001010201020002010200000202000000000002020000020002000102000202010002010001010100010102000001020102010102010201020101020100
159 00000200000002010002010102020000010102010001000102020001010202010001020101020201020000010001000200000001000101000201000201020002020201000002010101010001010101000102000200010200000200010101020102020001000002010100010000020000010101000100010100010002000201000200010001010202000102000200010201000002010102020202010201010000010000020002020201000201020000000002020002000201020202020200010001010101020202020001010100020200000202020002010202020102010002010201020100020000010200020202000202000000010002020202020002020002
160 01020202010001010202010002010200000101020002010202000002020101010002020000020201020000020101020000000002000000000201000101000001000001010002010002010101020002010001000002020102010100000001000201010200000100000200020200020102010002000202000001010001000002010102000100020002020101020001020000000201010201020002010102020001010200000200000101010000010202010001010002020102010001010100020000010202010100000202010202020001000101000001010201010002000100000101010000020100000200010101020202010201000100020101020002010000
161 02010202010000020002010100020102010100010100020001010001010102010202000202010201000101000100010002020100020202010000000201000201000000000101020202020102020000010000010200000201000100000001020201020002000000000002000200000000000202020002010200020102010102020001000101020000010202010200020100000002020102010102020100010102020002010001000201000002010001020101020100010202000101010200000100000002010002000101020102020200000201020101000001020002010001000202020001020002010201000201000100020200020000000001000200010001
162 00010200000201020100010000020201010101000001000100020001020201010201020202000000020001000002010201010001010001000100010100020100010101020201010002020200000101000001000201020202020202000200010200010200020200000202010100000001020001020200000001000002010200010001010200020102010201010000020001010200010202010100020000010000010102010102020001010000000201020000010001010201000001020000010100000200020202010002020001000201010100020200000002000201020201010202020001000001000200020202000001010000000200020201010100000101
163 01000201020200000000020001020002010001020000000100000200000002000002010102000001020102020201000000020002000000020200020101000201010102010002020201010100010002020101020001010000020002010200010101000201020101010101000000010100000001020000020000010000020000020200010002000002000202000200000000000100000202010202010102010000000000010100000102020000010101010001010002000100010200010101010000010100020202010002000000010002000000010202010100000202000201020001000202010202000101010001010202010000000101000102010200010200
164 02010202010002000101010202000002010201000101000201000101000100000101000102000100020001000202000000010002000001000000000201020000010001010000020100000200000002000200000100020000010101010201020002010201010001020002010101000100020102010101000000010100010002020102000100020200020002000002000002010201020000000000010002020200020101010001000002000102010100020002010202010102010001020001020200010101020000000102000200000002000202020102010200010100000100020002000101010102000201020201000101000202000100020102010000010000
165 01010200020001020101010001010000020001000002010201020201020200000102020200000101010100000102010101020001010200000000020001000100010202020201010001020201020202020002020202020102010102020202020202010101000000000001020202000001010101000101010200020000020200000101020202000100020201010002010200010100010002010202010201010001000202010001010100020200000101010202020001010101010000010102020100000200020101000000020202010000000002020200010201020002020000020101020100000202020201000000000101010001020102000202000100020102
166 00010001010101000200000201000200010001000001000100020002020100000102000202010000000102020200010201020202020002000100010201000101020202010202000201020001000001000100020200010202000001000002010001020200010001020100020002020101010200020202020101010101000000000000000201020102000000000102000202010000010201000000000100000100010200010102020000000000020200000201020101000100000202010101010102010202020002000002020100000000010101000200020000020201020101000102020101000101020101000102000200010102000001000000010202020001
167 02000201020201020200000200000201010002000100020202010102020200000100020100020001020001000202020100010100020100010100010101020100010201020002000002020201010002000202010201020201020102020002020001020201000001020000010001020001010202020201010100020201020201020101020201010001020000010202010102010101010100020202010101010002020001000001020202010000020201010100020201020000000001010201000002000001010000000200010101010101000202020000000200000200010201020102000101000201010202010202010201000201010100020002000001020100
168 02010000020000000200020000020100010102020002010001000102010100020201000100000001020100020200000001000101020200010001020002020101010000020101010100000102020201020201020102020100010002000102020200020000010102000001010202000100000000000200020101010100020000020101020102020001020200020002010102020002000102020002000200000101000102020202010102010200020002010100000001020101010002000201000000020001010002020100020001010100020102010202010202010002020200000100000100020202010202020201010000020101020201020101010102010000
169 02000101020001020001020001020001020200000001020201000202000001000101020201000001000202000200010002000000020200000202000202020102000100020202010202020200000202000202010202000100000100020202000201010100000200010202000200010201010001010002000100000101010101020201000202010200000100000102000200020102010000020202010001020202010101020201000000010200010101000000000201000200020202020101010001000200010200000200010202010001000100020202020201000100010201000001000101020002020102000001010202000201020001020001010102010100
170 00020001020101010200010001010201020102020001010202020100000200010002000202020000010100000201000201020201010100010202020200000000020201010100020200000102020200010201020001010001020002000001000202020202020001000102010002010002010002000100000201000002010200000000020202000102010100010202010102010101000002020100010202000102020202000202000002000100020100010001010100000001010200020101020002000100010001020102020000000200010200000000000101020100020100010100000000000100020002000101020000000102020102000002010001010101
171 00010102000202010200010100000100010202010202010001020200010202000202010201020100010101000101020201010201020002020201020102000100010000010001010100020200000001020000020201020000000202020001000002010000010102000202000201010201010201010101020100000000010202000200010002000202020201020101020100010102000102010102000002000101010200010102000102010100010201020100000100010200010002010201010002020202010101020201000202000201010000000202020200020100010202010202010200020202020200020200000100000102020100010101000001010201
172 00010101000002010000020001010002000000010200020001010000020202010200010200000001010000000001020000010101020102000002010101020102010000010001020000010200010202000000000001010102000101020102020101020001010100000102010102000202000202010200000202010100000000010202000101000101010102020101010100010002020101000102020200020201020001020100010101010200000201010000020001010202000002000001020201000000010000000001010201000001020000000202010201020101020000010000000001000202010102010200020002000101020001020201000002010202
173 02020102000102000200000200010101010202020102000102020200000100020002020100000100010101020002000200010200010202000200010001020200020000020200020200000201000201020101010002020100000200000102020100000002020201010200000201010000000200020001000002000002010200000000000202000100020102020002020202000201020101020200000102010100010202000002000000010201020102010201010101000102020202000101010001000100000002020001000100000100020000010102010100010002010202000200020202020100000202010101010202010101000100000002010101000002
174 02000201010001020001010102020200010001000101010000000102020002010201000202000002020101000002010201010100010101010102020201010200020002020001010201010201000102010102010200020102020002000102010001020201020200010200000001020002020101010202010101020002010202020000020200010102020100010201020201000200000102000201020102020200010202010001020202010100010102000002020100010102020200010001020202010000020102000001020001010200000000020202020201010001000100000000000101020201000101000001010001000000010002020001000202020001
175 01000102000102000202020100000101000102000200000201010201010101020100020101000202020202020101000001010200010000020102010201020000020201010202020102000201020200020202020100020100020002020100000201010102000101010000000001010101000201010102010102020000020002010200000101010202000201000102010002000202000101000000000201000202000002010200010001010002000100020100010001020100020000010101000201020102010201010200010200020000020100020001010101000101000201010102020200020000020101020202020000010202010102000000010102020102
176 02020000000200000202000200010000010201020202010200000002020000000002000200010101010101010002010001010000000001010102010102000002020202010102010101000002000100020202020102000002010200000002000100000202000200000002010000020100010102020202020201020102000002000201020202020202000000020201020102010002010101000000000202010101020102000002010002020002020200000202020102020102000101020002000100000102020201010002000100000000020002000000000202020200020002010100000002010200020001000002020202010100010202010201010202000202
177 01020002020102020000010101020101010100000000010000000100020101020202010101000001010200010100000201020000000101000101020202000201020201020201020201000001020201010202020200020100010101010200000202010002010202000100010002020200000200000001010201000200000001000202020100010200010000010202000001010001020002010001020001010101000202000200010200000200020201010002020101000002000102010202000100000101000100000000010201020201010201020101020201000202020101010001000100010202020100000000000100010202000200010200020000020201
178 00020200010001020102010101020001000002010200010101020100020001010100010100010101000101010202000200020000020001000102000002020200020100020100000001010100010100000102000101000200000002010000020001000101000101010000000201000000020200000101010001010200020001000101000002020201000201000002020100010002010102020100010000020101000000000202020100020200020101010202020100000100010002020001000100020100000001000000020000020101000000020101000100020000000202020100010100000200010202010201010101010201010200010201000201000102
179 02000202000101000100020202010002010100020102000101000001000102010200010201010100020201000200010102020001000202010201010202010002000102010102000200020200010000010102020200010200010102010202000202010200020100000202000000010201000102010201010001020000020002020202010102020000000102020000010100000000000202020202010202000102020100010202020101020202010102010102020002020202020102020100000202000202020000010200010000000101020102000200000100010102000202000001020002010001010100000002000001020101000002010101010000010101
180 02020001020001000001020102000200000002000200010102000101010200010202010202020001010101010202020200000200020200020101020002000100020002020002020002000202020101010202020200000200000200010100020202020202000202020101000001000101020201000002020000010202010002010102010101020100010102010202020200020102000100000100020200010002000101010200000000020100010201000102020101010101020100020100000201000201020201020200010101010202000001000201020001020101000000000200010201010202000201010102010202010200010002000100010101010101
181 00000102000101020102020001020000000001000101010000020101000000010000000002010200000002000101010102020001020102000001020000020102010002020002020100000200000201010201010000010201000100020101010002000100020000000102020202010002010002020201010101000201000201020002000000020002020002010200010101010202000202000101020002000200020100000202020000010201010001000101000002010000020201020101000201000101000000000202010002020101010001010202020102020102000002020001020101010100010100010200010200010002020100000201010101020102
182 02020202000002020002020200000200000202020101010201020100010102000100010202010001000001000001010001020201000202010101000102020202010102010102000102000202000002020002010101000100020100020002010000020100020001020002020200010100010001000002020201010202010202010000020102000101010100010002010000010102020101010201020202000201010000000200020202000202010001000201000201010002000102020102000200010101010200000101020202020002000000010001010101010102000102000200000002010202010000020001000102000100000200000201010001000101
183 00020101020101020202020001000202020200020102000100010101010000010201000200010002020001010001020101010000000002000100000100010201000002010202010102000000020100000201010000020000000101000100010000020202010002010200000201010000000200010102020000010101010101000202000000000000010202000100010001010202010202010002000002010200020000010101020100000100010002020002020101020100000102010101010000010201010100010202020000000202000200020001000100010201000100000201000000010201000202020100000201020000020202020002020000010201
184 02010100010200020001000001000201020200000101010001010100020202000101000001000202000202000201010101020200020002020201010102020100000102020102010201020001020200020202000202010201020202010002010101020002010000020201000200020101010102000100010001020201020201020102000002020202000202000201010102000002010202000000020000020000020002010202000202010201020102020201010200010102000101010001010101020202020202000102000101010101020102010001010102020101000201020201020002010000010101010001020002000001000101020002010000000102
185 00000002010002000000020201010100010002010200000202020101020102000202000200000102000202010001010101000200000200020101000101010202010202010001020001000202010100010101010002000101010102000001020001000202010001000202010100010100020100010002020202010002000102000001010101000001000002000000000002010202000002000102020001020002010202010000000000000200000000020101010001000201000101020000020201010202000202020000000100000102000102020200010200020201020200000000010100020102020002020000010002010001020201020101000002020201
186 02000200020201010202000000020102010201000202000102020201000102000002000100000202010202000202020001020100010101000001010200020200000102000002010200020001000101010200000002000101000002010001010101020201000201000102010102000000000200020100020202000202000000010201010100000202000100010200020202010002010101010002010200000201010200000001020202020100000102010200000202000102010200020200010100020201010200010000000200010101010000010202020102000101020001020202020201020102010001020000020201020000020102010002020000020200
187 02020000010001000202000200010000020201000200020201000101000101000000020102010101000102020200010000010101000100000000020200010200020000010201020002010001010201020202010000000000020201010100000100010101000200000100010202000201010101000001010201010200020202010002000202000000020201010100010201000101000100000101020002010002020100010001020102010102020002010101020001010201010201000200010202010101000002000202000002020201020002000200000200000002010200000001000001000001020001000001000102000102000102020200000202000201
188 00010100020102020201010200010001010000020002010201010102020202000000020202010000020000000002000202000002000201020101000201020001020202020001010200020000010200000000020102020001010100010100010200000001000201010200000002010200000101010000020002020200010200000201020200020201000001010100000001000100010101010102020102020201010000020001000201020102000000020001010202000002000100010200010200010001020102020000000101000000020101000001010100000200000000010002010101000002020201010102020101010200010102020101000100010202
189 01000200000101010100010100020100020102010200020202000102000102010102000002000202020001000100010200020002020202010101000102000001020101010202020200000201000202000100020202000001000101000201010000010002020001020200010101000202020100000102020000010201000202020002010100020101020002000101020000000000010200010102000202010201000002010002000202000001020202020201000100010200010201010101020201010101000102000201010201000002010101020002010001010001000202000202000200020102000100000000020200000200000100000002000202010001
190 02000200010101020101000002020200010001010200010202010001010201000001000102020000020200000101000201020000000100020102010100010000010202010000010101020201010000000201000102020201000101000001000101020101010002010201000201020202000100010102010100020100010002020000010200000102010002000201010202010000020200010202020102000100000002010200010000000202010000000102020001000201010001020002000000020002020001000102020100020102000101020001010200010202000200000200000100020202010001010000010002020201010002000001010200010002
191 00010100000200020002020200010102000100000000000001010201010202010201000001010200010201010000020201010102020200010201010201020100000202020002000201020000000000020102010002000200000002020000010101010100010102000202010202020102000001010000020200010002020101000002010202010201020101020202000000000100000002000201010000000100010101020102010200020201020002010001000101010100010000010202010101010001000101000200020202000202010000020002000101000201020100010200000201000000000001020201000102000202020000010001000100010000
192 02000200010001010200020201010202020200000202020002000202020201000102020100010000020202000100000101010101000002010200000102010202010200000102010202010200010102000101010101000100000200000000000100010000010100020000020100000202000101010001020200000201020001000202010100010201020102020002020200010001010000010000010100020001000002010102000200020200020002000102020200020201000000020001020100000202010201000101010000000002020000010200000100020202010000020100000101000000010100020102020100020201020002020200020002020002
193 02000100000102020101020101020100000102000100000201010202020201020001020001010201000000020000020101010202020102010201000202000200000201020100020200000000000200010200000000000100020001010101020201000102010100010102000002020202010202020202020101000000020102000102010100010000020200000200020200020001020002000101000102000202020201000200020100010102010201010200020202010101000201000102010201010002000000000200020102010102000001000101000202000002020202020002020102000001000001020000020101020200010102020201020100010101
194 01020100000202000100000002020101000202000000000101020000000100020002010001010201010201020000010102010001020100010202020101010000020101020202010102020200020101020201000002010001020102000101020100000001000200010000000002020100000001020002000201010002010200010200020102020200000000010201020200020100010200000002000100000202020001010202000101000002020000000102020101000000010200010101020202020001010101010201020101010202020002000001000001000001000000020002010200020001020101000201000202000201020101010200020100010101
195 02010000010000000100020202010202020202020201000200000202020100010002010201020001010000010002010200000001000201020000000001010000010001020001020202000002000002000202020100020200010201020102000201000202010100000000000102020102010101020001020202000202020201010102020000020201020100010202000100020200010001020101010200000100010202020001010000000102000000020000000002000202000000010000010102000000000201000101020100020200010001010002000101000201010001010101000100000000010200010102000001010000000202010000000202010100
196 02000000000100000001010100000001020001020200000000010101000201010100020201000202020102010100000002020102020200010001020201000000010102000100020200020200000000000202020101000001020102010000010001020001020100020002010201000101010201000102020202020000020202010102020002000100010200010201010202020202010201000200000201010202010002020100000200000001010000020101010002010002000000020202000200020002010202020101010001020201020002010201020201010202000200000002010101000201010101000001000100020201000102000002000102010202
197 00000000020100020200010202000002020102020000010202010102020202020200000202000001020202020100020202010101020102010101010202020201000200010200000100020002020102020000000100020200010100000202010002020100010001020002020202020100010101020201020000000002000000010102000102000100020101010001010201000000020002020001010102020200000202020202010201000202000101000000000001000002000201000000000202020201000002020001010002010002010102000100020102000201020100010201010100020002000101020002010201000201020000010100000100000000
198 01000000000201020201020202010101010002010100000200020102020001000000020001010202010201000102010102020002020102010201000201000001000100020100010200020000000100020101020102020200010000000002020000010001020200020000000201000001020200020002000202020002000001020201000101020001000200020001010001010002020101000001010102010102010200010001000102000102020202000102020002000000020100000201010000020200000000020002000100000202020101010002010202010201010101010202000101010201000001010200010202010101010002020100010201010101
199 01010001000102020101000000000100010002020201010101000100020000010102020001010102000101010100020201010002020101020001010201000100000001000102020002010201010102020102010100000201000001020200020200020102020202020000000200000002010201000201000201010200020101000200000101010001020002010101000002020102020102010002000100020000010200020002000001000201010202000000020202010202000102000000010201010200020002020202000200020002010000020001010200020102000100020002010000000101010200010200010100020202000200010100020202020100
200 01020001020101020202000100000101020200010101010201000001000100010200010102000200020202010002020001020002010100020102010101020000010001010201020101010201010000010102000201000100020200000202010100020201010200020202000002010000000101020101010001020201020201000102020000000201010002010200010102020101010201020101010201010102020101010001010202000102020002020202000200020102010201000102010000020201000202010000020200010200000101020102010200020001020200010100020101020200020201010102000200020001020100000000000100000001
201 02010202010101000001020002010102010200020102010002010002000200000202010100000201010100010102000202000101020002000201010101010002020002020201000202020001020102010101010102020100020101010000010101020000000102020200010201020200000001010102010001020202020101000100020002020001000001000102020102020101010201010000010202020101010201010200020202010001020102020102000200010102010202010101000000000100020100010200020101010000010001020102000102010000000201020100000102020102020200000102000201010202020202000100010102000000
202 00000200000200010101010200020100010201020200020202020000010002000202020100000201020100010100010202010100020100010101020001010102020101010101020000010001000001000102010101000201000201010201010202020001020201000200010102020102010202010000000100000002000200020101020101010001010000010100000201020202010101020202010101010002020102020200010001010200020201000101010100010202010201000202000201000001010102010100020101000201020001020002010102010102020202010000000201020201010100020002010001020000010202000102010200010001
203 01000001010000020100020102000000000200010001000102010102020000020201000102020000000202020101020000000102000000000200000202020101010001010100010202010000020100020200020200020200020001020102010100020002000101000200000102010000000202000002020202000002020102000200010100010101000200020002020102020002010201010001000200020102020100010102010202010001010001000202020002000101020002000000000000020202010100000202000101000000000201010100020100010000020202020201000102000200010001020002010002010002000101010002020200020201
204 01020101020002000001000000020202010000000000000000020202000102010101020100010002010002000101010201010001010201020101000000020102000002010102010000010000010200020000000100000101000200020102000000000001010202010101010102010202000202000001010100020202000101020001020202000201020001000102010000010101000102010002020201020002000002000002010201000100020000010101020100000101010102010001020102000201010100020100000000010001010101010000000101000201000101020102010200010102020200000202010001000102020102000100020100010000
205 01010200000200020201020000020200010001020102000202010001010200010101010201000102020000000000020202020001000202000000010101020001020202000202010102020002000102020002010101020102010001020000010201020101000001000200000200000102000102000002010102020100010202010002020102010202020102010002010100020200020200000101000200010201000100010002000002000101000100010101010201000201020000000102010101020102000201020100020200020000020002000100020000000001010102000102010002000200020201000001000101000100010201010202020000000200
206 00010201000102020101010202020101000100020102010201010100020201010201000000010001020200020200010002020200010101020102010200010000000102020200020000020001000201020101010101000002000101010100020202000200000101010002000201000002000102000200010202000000000102000001010101000002010001000101010201000000010001000100020102010202010100000201000002020002020100000001020002000201010201020200020000010200010001020002020102020201000102020201010200020001020002010102020100000002010000010200010002020201000000010001000002010102
207 01020202000000000100010101020101010201020100000201010000020001010101000002010002010000010000010001000000020100010101010001010201010000000002020000010101010200020001000200020102000202010101010002020201010101000002010000010001000002010101020000020201000101020002010000020200020000000201010100000002010002020201000202020101000202000100020102010000000101020202000101000002010101010001020200020002020102000202010102010200010202010102020201020101020101010200020201010100000200000101020200000200020200000201000102010000
208 00020200020202000200010202020100000101020002000001020102020001000100020202000101010102020200000002010201000100010001020100000101020200010100010201020202020200000002020000020102020201000100000101010202000101010200000102010002000100000002020101000101010201020102010102020202000201000200020100000102020200020102000001010002020200000200020200010202010102000100020101010201010100020000020101000002010200000100020102010100000000000000020001010000010102000202010102020001010200020201000200010201000102000002020000020101
209 00010000000200020000020101010100020000010200010001020001010200020000020201020002010200010001000000010001020102000202020200020102010102000200020100000000000101000100000002000202000102020100000002010200010001020000020200020101010102020001020000000001000200000202020000010001020000000100010002000102000002020001000202010100010101010000020100020201000200020201000001010002000001000202010002000101000102010000010101020102000002000200000201010201000001020200000002020200010101010202000000010202000200020001020002010002
210 01010002010100000001020000000002000002010200000002000202010001020100000200020200000201010101000102000101010002000001010002000200000102010101000002000100020102010100020201010100020202000002000102020200000102000000000201000101010101020101000100010201000202010101020001010201020000020102000201020101010200020000020000010000010001000100020000000102000200000001010201010002000202000101010202020002010100010202000002010000010200000101000202000101020100000200010002010100010202020002010101010101020000000202000001010102
211 02010001010202000100020201010000010202000100010002000102010002020002000101010201000001020002010201020201010001020000010002010100010101020101020102020101020002010002020100000202000000020102000200000001020201010200020001000200020002000101020001020202000001010102020000020002010101020002010200020000010001010001010201010000020202010001010002000202010101010002000100000200010002010201000201000000000000020102010201020000000000020101010002000002000200010000020202020201010102000000020100020000020000010002000100010101
212 01020101010102020001020200000000020101000002020001000101000002000102020200000000010201020202010201020200010201010202000002020102020101020101010102010200000002000202000102010002020001020100020000020201010001000000020001010102000200020200000101020200010000020201020202020002010000010201000002000102010002000201000200000002000202020102000100020000000100000102000001010200000202000102020200010200010101020102010001000200010101020100000000000200010000010200020100020202000002010002000001020102000001020201020002010100
213 00020200010101010201000201000202010002000000020201000201010100020002020202000102000202000000020101020202000102010001020001020001010100000102020200000100000200020001000001010000000102000102000201020102000201020101000200020200010202000100010102020101020202020102000202000001000002000101020100010002000201010200000100020202020002010202010202010201000002020001000202000000010001010000020201000000020200020101010201000001020002010102000002010201010001000201020200010102020002000200010000020001010000000002020002020000
214 01020101000100010002000100020100020001010200010202000100000202000002010202020000000001020102010100020000010100020100020102010000020102010100020000010101010002010202020000010001020100020201010201020200010100000001010001010001020202010202010202010201000100010102010000020202020201020200010100020001010000020100010000000201000002010002000201010102010000010100020001020102010002020201010200000100010200000102000102010202000202000002000002000201010200010202010000010000010200000000000101010201020000020002020100000100
215 01000201020101000001020100000201010002020201010102000100000202020101000002020102020000020100010001000000000001020200020000020100010002010102010000020202020102020202020101010000000102010002000102020202020001020001020101010001000000000202020202000102000200020000000101010001010202020002010101000001010000020000000002020000010101010200010001000002010102000001000002000002010202020001000202000100000200000002000001010200000202010202010202000100010001020101020000010001020101020202020200010000000101010202020200020202
216 01020101010001000001010000020002010102020002020200020101020000000001000202020002000000010102010200010002010201000201000001010101020002000102010002000001020200020001010002010100010202020100000002000201010002010001000100020102000002000001000200000100010001000001010001010102010202010100010202010100010102000101020000010001000202020201020100000200000102010001020002020201010100010102010201020200000001010101010201000002010100000102020101010202010001000001000000000201000200010100000201000002010202020102010100000002
217 00000001020000020102020202020200000202010101000001000002010000020102000001000101020100020202010101020001010002020000020002020002010201020001000000010000000200000202020202010001020200020100010102000100010002000002020200010102010002000102010201010000010200020002010002020200010201010101020200000001000102020201010200010001000201020000000001020201010100000200010101000200020101010000000001000100010002000101020001000200020102000001020201010201010101020001010201000102010101000101020000020100010001000101010201010001
218 00020202000002010000020101020102020201020201020100020001020000010200010001020200020201000001000201020002000100000001010201000102010201010202020001000002010100010101020202010202000100020000000202010201020100000002020202020200020101010100000002010201020100020200020000010102020002010200010000020001000201020100020200020201020000010201020102020201020100020102000001020202000202020202000201010001010101010001000101020100010202000201010101000102020000000001000102000000020100000101010101000101010201010001010200020100
219 00010202010001000001010102000000000102010202000100010201000101020002010101020101010200020200020100020001010101000100010001020100020100000202020101000001010000010101010100010101020001000101010102000200010201000000000102000102000100010002010100010201020201010002000200000202000001010101000200010000000002020000010202000000020100000200010102000201000002000201020002010000020201000202020002010102020101010201020002010001020002020000020101020202020100010200020000000201010201010202000201000202000101020200010201010102
220 00020002010200020100010202010000000001000002020102020100000001000201010101010201020101020001000000020101010102010202000100020000020102020201020001010100020000020101000101020200020100000201020001000100000200000201000200010002020000010100000202000200010202020001000002010100010102020000020001010001020002020200020101020201020102010200010000000102010002000000020200000102010102000101010101010002020202010100000001000200000100020002020200010100020002010001010200010201020002000100020002010102010100000002020202000201
221 01020101010200000000010102020000020000000002010200000001020201000101010102010202000201000101020202020201000201010202020101020002000202010101010102010101000001000100000001020000000000020202020102020200010200020200000201010001000202020100000001000002000002000100000101010002020000010200000200010000010201020000010202000000000100020102010200020002000102010101020101020100020100010101000202000200020201010002000001000000010002000200000201020101020202020001010002020201010101020201020100020002020001010000000000000200
222 02020202010101010001010000020200000002020000010102000202000101020101010200020200000102000101010100010200000102000200020200000000020200000100010101010102020201000101000200010002020201010201010100010100020102010202000201010202010000000201010201020100000101020202020000010001020101010102020200010202010002020001000000000002020002010100000201000001020002000100020001020001010000020101020101020101010101020200010002010101010001020200010102020000020000020002020000020200000200000000020001000202020000020002010100020100
223 01000002000201010200010002020200020002020002020001010101000100000201000100010102020101010201000102010100020100020102010000010100000100020202000201010202020101020200020100010002000200010101010102000100000000010202020000000200020100000202010000020001020100010002020100020101020102000002010101010000020202000200000202010101020102010102010000000101000201020100010001010201020002010002010201000200010100020201020002020102010102010002020200020002010200010102010000020101020101020201010100000202000200010200000101020200
224 01010001010001010201000201010100020100020002000000000200010001010000020100010202020202020000000102000000000201010200020100010100000101010200020100000102020200010202010101020102010102000001010100000201010200010101020100010001020100010200000201000200010000000202000100000102000100000100010200010200000100000002000200020102000102020102010100010200010200010002000200020000020202010101020200020202010200010201020201020100020002000202010200000200000001010201020201020100000001010201000101000201020101000001000201020102
225 01010000020101000200020001000202010100000202000202000201020200020201020200020101020200010102000102010202000101000001010002010000020000000100000200020201020100020101010200020200000000010001020000020202020101000101000102010202000102020100010002010202020200000001010201020200010202010201000001000200020202010002010101010102020102010101010001020102020200010000010202020000010102020002010100000001020002010102000002000100020200010102000000020001020200010000020101020200020002010001000102020102010100020202010202000201
226 00000201000201010200010001020102020001000000000200010101000001000000010200010000010002020102000100010201000200000202010201010200000101000200010201020000000002010200010002010200010002000002000202000000010000010102010000010201000201010201010200020000020101010202000201020102000101000102000101000002020201020202020000010001020101010201000002020100020201000100020200010001020002010100010101020102010201000001000002020000000002000000020001020101000202020001020201020201000202020001020002010001010200000202010200000201
227 01020100020000010000000001010001000002000102020100020202000100010100020200000200020202010201020000000000020002000000010200000202010102000002000201000000000100010001000202010001020202010200020102020201020200000201010101020002020202000101020100010002010200010101010102000102010002020002010000000201010100000202000101020200000201020001010200010102010100010102000101010201010001000001020200010101010001000200010101020102020002000202000002000000000002000201000102020201020102010201010202000102010100000001020000000101
228 02020102010002020101000101020200000002010101000101020202020102010101010000020101010002010200010100020001010001000101000000020100000100020201000202020102020001020101020102000200010001000002020001000100010100010000020001010201000202020000020201010200010201010102010001010000010000020002020101010102010102020102020102010002010201020000000000010000000002000102020102020101010002010201000200000201010001010101020000010102000101000200000102000201010002010101010200020101020202020100010201010001020202020202000102000100
229 02020000000100020102010000010002010200020202010201000101010202010100020202020102020202020102000101000002020101020200010002010102020101010101020101000202010201000002000202010101000202000101010101020100000200010202000102010102000100000102000200020000020200020000000202010001010102010102020101010101010101020100020200020100000101010001010000020001000200020001010201020001010200010200000101010001000002010001020102010200020000010000020101000101020102020002020201020200000000020100020200010201010000010200020201010000
230 01010202020002020200020002000001020101020001010101020202020102010201000102010001020100020201020101010202000001020100000001000200000100020200000101020001010200020201020200020100010202010102010001000102000100000100000102000100010200020201010100010201020101000200020002010202000101020100010002010201010102010101000001020100010101010202010202010201020001000101020002020001010101000100020101010100010102000001010101000200000101000202000200020000000000020002020001010200020000010101010000010102000002010202000001000101
231 00010202000001010000010200010101020001010001010102000200020202020102000202000202020101000100020202020201020002010202010100000000020201010202020200010201010200010100020200010000020000020200020202010100000001000001010202000001020102000000020200000100020000000100000101020000010101000201010101000002010001010100020101010200010002020102020000000002020201020001020200000101000002010202000102010202010102000102000000000000020002020200010002000001000201000201010100020200000100010000020000010002010001000102020002000202
232 00010201010200010001020200000000020200000201010000000201010101020201010101010002000002020100020201000102020000020100020102020002010200000100010201000202000001010201000001020001010100000102000101010000000002000101020102010101000001020002010101000102000101010100020002020000010101020101020100020202020002000001020000000202000201000101020100000100020001010001000000000102020201010201020101000201000201000100000000020002000201000201010201020101000100000002020201010002010100020001010001020001020102000001000001010100
233 02020100020202010201010202010001010101010201010100020101010100000101000202010202010102000202000100000201000102000200020100010200000101000001010000000101020100020102010100020201020202020000020202020201010201010201000202020202010101020002000002010201010202000000020200000201010200010201000200010102000100020101000000020100020101000200000202020200010001010000010101010000020100010101010202020000000000020000000202010201010001010101000101010200000102000201010000020102000202000002010002020200000002000000010102020101
234 02000000010102020200000201000202020001020001010101000102020100010000020202010202020202010101000202000201000002020002010102000002010001020100000000020000010001020200000102010201000200000200020001020100010102000202020100020001010201020100010000010000000100010101000200010101000200000102010100000000010100000001000102010101000102020001010001020100010102020201000002020200010101020201000001000201000002000200020002010002000201010101010100000200000202020001010102000100010202000002020002020201010202020201000002020200
235 00020100000202010202010201010001020001010002020102020000000000020100000200010100000001010102010202000002000200000200000202010101000001010200010001020201010101010102010002000000000201010100000102000202020202000202000201000200000201020102020101010100020201010102020102000000010101010202020002020001000100000101010002010000020100010101010102000102010201020202010101010000020000020202010101010201010101020101010100000000010100020201000000010102010202010102010001000202010200010202020102000102000102020000000102000102
236 01000002010201010000000200010001010000000101000202000201020102010201020100010001010102010102000201020202010201020202010202000201020000010102010002000100020000020101020200000201000202000201020200000102010000000101010200020002010202000001010001010001020200000202020001000001010002000200010202020002000100020200010202010100000000000100020202020102000100010102020202020000010001010201010002010102010102020101010101010102010002000101000001020100000201000002010102000000020001020001020100010200000102010200000202010102
237 01010001000002020102020202010001000101020201000000020202010101020000010202010200010000020101010200020200010101000202020100010102020201010202000202010000010101000200020202000100020202010002020100010200000200000002010200020001020000020202000001000001010102000200020100000102010002010202000202010000000001010001000200020100020201010202000101010001000102010001020202000002020001010001010201010202020102000200010000000101010101020101020002020102000001020000020201010101000001000102010101000100020202000200010000020000
238 02010102000200020102010001000100000100000001020100010200020101020201020101000102010101020200000201000200020000000201010101010101020000020101020201020102020101020001020100000102000001020102010200000101010200000200020202020002000101020200000101010101000201000002000200010101020200020200000200020102010200000002000102010201010201010200000000010202020100000101020000010001020200010201010100010102010100000100010102010202010001000202020102000202010202020101000002010001020100010102010100000102020000020102010000010000
239 00000200010001020200020001020002000201000100020000000102000002020101010201010101000000020102020002010201010102000001020001000002020002010001010002020201010200000202020202010000010200000202020200010002020100010200020001000201010001000002010200020002020201000100000102010200020201000202020100010100010202010200010002000202020101000102010102000100010000000100010001000101010200010100000200020002020202020202010201000202000102000201020200020001020200010202010100020201000200000001010000020100000102000202020201020001
240 01010001010002020100020001020201000001010101000201010002010201000200010100020102020102010100000102000100020001000201020001010201010200010200020202020100000102020200000200020200000100010002020002000102000201020102010101020002000001020002000002010102020001010000000101000200020200000202000002000000000002000002000201000100000000000001000102000201020001020100020202000102000001010002020200000101020102000202010102010000000200010100000100000102000100020100000100010101000001010002020202010202020100000002010201000001
241 02010101010202000202010001010201020201010201000100000001000002010102010202010201010102010002000101020201020202020200010002000102020001010002010101000102010202010201010100000201000001000202010201010101020200000202010200000101010201020102010002000002000100020200020201010101020002000100020000000200010002020102000002010200000100020200010002010201010100020200000201020101020201020102020002020201000201000100010200010200020201000001010202020202020101010100020001000100000001010200010200010102000000000102000101020202
242 00020200010101020102010001000102000101000102000202020001010001000202010001010000010201020002000000000000020101020101010002020201000200000000000000010100020100020001010200020200010101020101020100010000010002020002010002020001000202020000010001020002000100000002020001020000020201010000010100020002010101020002000001020001020102020002020000010201000200010200020101000202000102000100020002000200020202000002000102000202020101020102010000010202020202020200010100020102020000010200010202020101010100020102020000000101
243 01020201020202000000010000020102000102020002010100010202000002020201010202010202000001020200020000010102000000000202020200000200010202020100020100020002000002020000010200020000010100010102020201000201000001000101010100020100020000000001010102020002000101000000000100010000000001010202010101010102020200000000010102020201000002000101020101020201010002020201020200010202020001010200020002020200010001020100000101020101000200010101010000000102020200000100020200000001010102010200000101000200000000020100000200010001
244 02010101010001020101020202020001000000020201020202000201010102000000000200010200000200010002020102000102020200000000000001000202000101020002010100000100000202010000020002000001000102010002010001000001020001020200020001000000020201010002010002000201020102020000020001020002010101010001020101000200000201010000000200010200000100010001020201010201020001020200010201000000010202020101020002020201010002000102020102010200000001010200020202000000010001010101010101010201010102010101010000020102020101000101020102020200
245 00000002010202010202000000010101000102000200000000000000000101020102020202010001010101020102020002020101020200000100000200000002000102020001000200020102020201020002000202000102000201000002000101020201000002000200000102000202010200000102000202010100020002020200010100020102020202010101020100000201020002010202020001000000020002000100020101020000010100010102020200010201020000010200000102020101000102000102020202020001020000000102000202020002010002010100000002000000000000010201020202020000000002010200000202000202
246 00010001020201020100020001010100010202020102010002010102010200010000000002020100000201010002000202010001000101010200020001010100020202020102020100010000010200020001000100000000020200000201010101010102000202010102000000000102000000000200010202010002020102000002010200000101010101000201010001020201020102020102000101020100020200000100000100000102000100010200020200000200020200010100010200020002010201020200000002010202000101010100010200010002020002000002010200000102000100010000020000010201000000000100000102020102
247 00020001000002020101010100010200010102010200000102020000000201020202000100020200020001010201020102020000000001020000010000020101000201020001020202020201010002000101000201020101010202020002020002000201020002000201000202010000000100000202020101000200020202000001020201000100020201000000000201010200000102020200010202020200000000000101000000000002000102020201000100020200010102000000010101000201010202020001010202000100000102000200000000020202020202020200020100020100010101010202020100000000020002010202020002010202
248 02010000000000000000020002020102010101020202010102010002010101000101000001010001000001020002000202010100020102010202020201020001010200000100010002000202010202000200010101020202010001010000010202000000020200020201020101000200010202020201020001010000020001020101000100010201010201020100010202010001000100000101020000020200010001020201020001000201000000010000000000000100000202010202020001000101020201010100020100020102020100010201020202010101010002010100000100020202020100000100010200020102010001020201010102000200
249 02000101020000020102010200020102010002010101020101020202010000000201020202020002020201000201020100020200020102000201020101000000010002000002000000000200020101020001010202020100020000010201020101010102010100010101000101010100010201000001020001020002020000020002010000020201000202020201000000020100010100000201000100010101020101010102000200000102020000000100000201010201010000020202010200010201020001010100010002010000000000000201000102020102020000010102000201000001020100010001000202010000000101010002020201000202
250 01020202020002000100010202020201000001020001010100010000010202010100020202010000010102010102010101000202010002020202010001020000000102010100000000020001000000000100010201020000000100000101010100000202000000010200000201000000000102010002000001010102010202000200010100020100010102000001000002010202020000020000020000000001010102010201010000020000020100000101020000010202010002010102010002020202010100000002020000000200000100000002020102010200020002020002000102010001020102000001020201020100020102000102010201020100
251 02010101000001020201020201020201010102010100010200010201010000020200010201000000000100000101000202020200020200000102020101020100000102020200020101000100000002010000020002010200000002000102020001000102020100000101010100020200020100000000010202000202010202000000020000000200000000010001020201000002000101010102020002010002000002000001000002010000010100000101020101000200020202000202010201000202010000020201000001000000020102020000000000010100010200000000010101010100020001020100010201000002010102020201010201020002
252 02020101010200000101010001020002010101000102010001010002000200020202000101010001000102010001020002010102000200010002020002010102000101010002020002020000020101000000020002000101000102010000020100010100010000000201020102020101000200020001010100000200020100020002020102020100000100000101010102000202020000000101000101000101000102020100020101010102010201000100010102000000000102000002020200010202000200020201010101000000000001020001020102000000010202020001020000000101000200000100020100020001010002020002020101000002
253 01010001000001010100010100010001000002020000000000010001020101010000000101020201000000020100010200000201020001020200010001020200010000010202000002010101000102020101020102010001010200000000020001020202020000010102010000020200020001020102010102010200000002020100010001010200020100000101000102000202000101010002010000010002010001020100020202020201010101010101020102010201020100020100000001010000000101020100010201000000020201000202020202020101020100010201010001000102000200010002020100020202020201010002000202010100
254 02000101010201020000000002020200000200000000020002020101010000000002010002000200010201000002020201010200000102000202010000000001000200010000000201000202000001020002020102020001020201000001000002000100010100010102000001000200000202020001010001000100020201020101010202010000000200020202000101020201020201000002000002010201000202010202020101000001010101010100020002000101010201020001010101020000020100000200000201000000000101020001000002010001010101000100010202010100020100000102010100000101010202010202010200010200
255 00010201020200000201020002000101020202010201010101000101000001000101020102020002010000000200000201010202020102020201000002020201000002010102000100020001010102000102010101010001010101000002010102010102010000010001000002020102000001020101010002020001000000020101020201020101020100020101010200000100000202000200010202000200000001000201000002010102020100020100010202000002010201020200020202020202000002020102000201020100010202000201020101000202020100000001000101020202010001010100000000000100010000010100000201000101
256 02000201000101000000000002010102020202010102000101020102000100020001000102010202000202000201020002010000010001000202020201010201020200000200020102000000020001000201010200000101020001000201010002010002020102020200010000020102000002020102000001010000020201020000010202000202000200020001010101020201010202020000020101010200000100020101020000010002010002000202020000010101010200020201010202000200020100000201000002020201020102000000020000000100010202020002010001020201010201020000000202000001000000000001010100020001
257 02020201010100020102000002010102020000000100000001020002000100020202010100020100000000010000000102020102010102010001020102010002010102020001020200010102000100020202000201020000020100000102020100010001020001000102010001000202010202000200020202010200010002010002010001020201010200020200010100010100020002020201010100010202000201010001000002020100020001020002000101020102000001020202020001010000000102020202020102020001000101010200010101020002000101020101000201000001000002000001020100020200000000000200010101010002
258 02000201000101010100010001000102010000020201020101010100010201010001020102000002000102000200020002000000000201010002000200000201020102010000010201010001010201020000020100010200020002010100010002010100010101020100020000000100010202000002020100000202000002000201000202000202000000000001000001010001010101000200010000000101020102020200000200020202020000020000000102010101020202000000020200020101010102010101000101020101010100020101010202010200020102000002010201000001020100010002020202020002020102020101010101020100
259 00020000010000020001010100020200020200020002020100020201010000000201010101020100020001000100020202000001000000020100000202010100010201020202020200010101020102010102020202000002000202020000020002020001000002020200000201010100010101000100020000010100020202010102000202010101010102000200000002010002020102020202010202020000020202000100020002020202010202000100000100020201010102000200020100020201010000020201000200020000020002000200020100000001020200000202020002000000000002010202000201020200020100010000020100000101
260 00010202000101020201020102020002020202000102010002010201010000000101010100000202020200020100000001000002010002000200020102000000000200000001010002000200000101020001000001000101000002010201000100010200020102020001000201010100020102020201000201010202010200010001010202000002000100010100000000000102010001020001010002020101020201000201020200010100020201010000020102020002020201020202010002000001020101020000020101020102000000020200020100020001020000000201020202020000020102000200020202010002010200020002000202000001
261 02010101000102010100000202020102010101020000010000020001000202010001000002020101010202020200020101020002000002020200020200020001000000020100020001010201020002010000010200000101000202000002000100020202010100000202010200000001020000010202020101020200000201020201020101010202000102020101010101010002000002010000010102000001010201010001000001010000010101010102010100010100000101000000020101000101000101010001000200010001000201000200000201020100000000020000020000020202010002010100010200010100020000020200000001000000
262 01020001020000020200010000010201000001020000000100010201010201000200010001010000020101020100000102010202010000000001010001020202020100020001010100020201000101000200010101010000020100020000000000020001020100020001000100000101000002000102000101000102020101020201020200020200020001000202020100000200010100020101000200000001020000020000000100010101020201000200010100010001010200000001020202000201010201000201020002020001020100020201010002010001020002010101000201000100000201020102020100020201010201000001000001010100
263 01020202020200000101020000020002010001020102020000000001010001010002000201000100000100020201000201020201000101010000020102010100010002010201020001020100010102000101000201000000010001000002000000010202020000000001020101020001000100010101000200000201000002000101020201000002020100020000010202020100000100010002010001000202000101000100000102000201020001010201000101010000020200000202020000010001010002000101000102010102010100020002010002010201000100020201020000000002000101020001010000000200020100000100020000010102
264 00020002000002010000010001020100000002000201020000000001000102020202010200010101020200000102010100010202000100010100020100010101010101020000020202020002000201020000010000000000000101000001000201000000000102000202020001010000000201020002020201000002010001020202010200010001010200010002010202020101010101020200010102020000000202000000000101020100020102010100000001000201000101010200010000010101020102010002000102020200010201010201010200000201020102000201010100000202020200000202020001020002020202020001020102000001
265 01000100010101000200020100000202000200010101000002010002010201020100000100010201000201000200020001020202000100010001020002000200000000020201010000010201020100000202020201020202020000000101000102020100000200000200000100010101010100010200020101000102020100000000010102010000010102020100000100010201000202020202000001000100020102010000000102020101020100020002000001020202000101020200000001020201000200000001010200000201020202020101010101010100010202000100020001020100000001010001020000020001000001010101010102020100
266 02000100020002000202000100010202000101000202010201000100000102010100000100000200020002000002020002010000020202000102000101020200000100020001020001010202010201010200000200010200020100010202000201020101020202000101020002010200020000020000010200000202000100020001010000010102010101020202000202010101020201020001010200000102000102010001010101020002020001000100020101020200010100010100020002020002020101000201020002000101020001020100020002010201010102010201020001020200010000010201010100010000000100000201020201020100
267 00020002010201010000010200020101000200020002020100020101010002010202000101010201000001010000020000020202020100000002000100010201010102020001000102020001010001000101000102020001020002020001020100000202010002000101020002000000010200020102020001020001010002000001000202010201020001020100010101010102020200000202020100000002020101000201010000020102000102000201020002020001020101020200000100000201020201000102020201010102020201020001000100020201000002020000020001000100020200000100010001010102010200000100010201010102
268 01000200020100010200010002000200010200020202000000010101010001020200000200020201000102010002010000010002010101020002010101010000010102020100010002000000000101010201020202000101020100020201000002020201000201000000020000010002020202010101010202000200020100010201000201000002000100010100000200010202000002000101000101020102020102000200010102020202000201020000020000020102000201020001020102010101010002000102000100000002000200020000000201020001020101010201010001020200010000010002000200000100000100010100000001020000
269 01020001010201010002000201020101010001000001020100020002020000000202010100020201000102010201020201010102000002000100020200000201010101000101000000020002010202010001000200000001000000000200010101020001020201000000000002000001020000010002000200010102000201010201000202010102000201020100020001020101000101020200010202020202010000010001010002020101000000020100010100000202020000010201000101010100020202000201000101020102020202020102020100010202000000000200010001000000000001020000020002010101010202010001010002020200
270 00000001020101020200010000020200010102010200020102010100000101010202010202020002000202020102010100010202020001000001010200010201020100000101020200000201010202000002020000000201000000000200020001010100000101010101020202020002000201000102010000000000010101000200020100000101000001010200010101000202000200000201010200000001020200000201000101000202000102000201010100010101020100010000000101020002010002010000020000020200010200010102020100010000000100010002020100010002010101020200010202010002000102010000010001000202
271 01010001010100000102010001010102000202020200020100020102020101000102000200000201020102020100020002010000020001020101000202010201010002010002020200010000020102000201000100000000010201020100020000000102010102000202000101020002020102010200010000010002020202010101020002000102000000010002000200000101000102000100020202010200020200010202000001010100010201010200010002010201000000000000020000010100020102000201010001000002000202010200010002010201000100010102000000010202010002000101000000000201000001020101000202000001
272 00020100010100020001010100000200020100020200020000010102000100020001000202020200010201020201010201000201020102000102010000020000010201000102020201020201010001000002010202000001000002000201020100010100010100000202020102010202000000000201000101020002000201010002020102000201020102000201000102010101000201000000010102020102020002000102020200000202000001000202010100000202000001000201000000000000020000010101010100020001010201020000020201010202020002020102000201000202000002010002020202000202020101000101010202020202
273 00010201010201020001000100020202010201000200020101010001020002010102010200020000000000000201000100020202010000020202000102010100010101010100020102010101010202020201020000000201000200010200010001000001020102010001010000020201000101010102020002020001020000010202020200020102000201020002010101020200020100000000010001020002020102000200010102020100010001010201010202010000010200010201000101000201000001010002010201000102000100010201020200010100010102010100020101000100020000010002000001020001010101020001010001020102
274 02020101010201000002000001000001000102020201000101010102010102010102020200020201010101010202020101020002020101000101010100020202000000020200010201020100020101000102010000000002020101000200000200010200020102000102000201000202000202010000010001000000000102000001000002020100000202000001020102000201020001020201010002000202010000010200010001010202010000000101000200020000000102020001010000010102000001020002010102000001010102000100000000020200000000000101010101020202020000020001020201010000000100020101000101000001
275 01020200020200000001000001020102010201010100010201000101010000010000010001020101010000020002000102020000000201010000010202010102020101000202020200020201020002010101010102010202020102000000010000000102010200010102010102020200020101000200020002020100000100020200010200010202020200010101020002020202000200020200000200020101000001000000010002020100010200020002020100020002000100010101020002010200010200010100000202020201000100020000010201010001020202020000010102000200010200020100020101020202000000020202020001000101
276 02020202020002000000020201020101010001020202020102000202000000020001000101010001000000020101020001000202020100010001020001020201000001020102010200000101000201010001010102000202020100020200010101000101000200020001000000000202010201000202010201000001010202000100020002020002020201020000020202020002000200000200000100010100000102020000000101010200000200010201000201020200020000020200020202000001000201000102010100010002020202010002000000010201020201000002010102010102010001000201020001020101010200020000010201020200
277 02000100010001000100010002000000020002010202020102020202000002020101010102020001020102010002010100020002000101020000010002010001000201000100000101000002020201010101010201020202010101010002010100010100020200010002010102000102010101000002010100010100000200010102010100010100010001010200010000000200010101010101020102010101020202000100020000010101020201020102020202010201000202000101010000000100020200020101010000010102010201010001010001010000010000020100000001010002020201000101020100000001010100010201020102010001
278 00000200020001020002010000010101020201020200000100010102000102020200010202000102010002000200000002010201000100000102010001000100010002010100010100010101000101020002010002020101000201020002010002020002000100020001020100000200000002020202020000000201020101010002010201010201000101010101010001010101010000010201010100000201000201000002020200010101020002000101020200010202000001000002010002020000000102020102010102010002010002010101000200010101020102020001000201000001020200010201010200020200020100000101000102010202
279 01020201010102000000010202010001020002020101000102010201010100020202000001000101020001010002000102010202000200020201020201000100000101020202020100000200020202000202010002010100010202000102010100000200020100010200010002000101000001010200000101010200010001020201020001020200000102020102010000020202020100000200020000020002010100010001010002020200020202010102000002000200000200020001000100000102020102010001000102020101000202000101000001010102020200010202010101010100010102010100000002010200020102000002000101010202
280 00010002020000000200020102020100020201000202020201020100010001020001000202020201020100020100010001010102020101000100020201000202010101010200020102020102000002010201020200020102020100020202020002000200000000000202000102000001020101000002010202020102000102010102020102020101020101010001010202000000010202010201010202020001000102020200000201000101010102020101020201020000010201020000000202000102000202010202010001000002000200000201010002010100000000020201000000020102010202000101020201020202000202020202000201010101
281 02020102010202000202020101020000000200020101020102010100020202010100010002000002000200020200010102010002010001000100000002000201000200010001020101020001000001020002020100020102020102000000010101000202000100000100000002000000020001010101010101000002020201010002010002020102010000020000020202020102000202000201000201000001000001000200020101000002000202020202010202000100000201010202000002000100020201000200020002010002010001010100000000020102010202000200000201000100010200020201000202000102010202000001020001000002
282 02010001020202020002000201000102000001000000020002010001020202000001010102000001000201020202010200010201010100010101010200010002000002010002020201020200020200000201000102010102000200010100010002010001010202020200010200020002020001020202010202000101000200010102000201020002010002000002010000020001020001020001020100010100010101010000000102020000020200010101020200010202000202020001020202020000000201020200020201020100010001010002020101010000010102020001000201020200000201010202000202000000000202000100010200020002
283 02020001020100000202010100010100010201010102000000010000020101020201000101020001010200000200020102020102010200010200000000010102020002010101020200010000020202000202000200020100020102010200010200000201020101000202020002000000010200010000020102010100020200010100010201020202000002020201000201010102000202020200020001010101010201020200010201010101010200010001010001020001020000010102000202010101000001020200010201000102010100000101010100010000020001000202010202010001010201000202010201000002020002020201020100020002
284 02000001000100000001020000020200000202020100000002020100010000020200010000000202000001000101000001020200000002010001020202000102010001010001010100000100020101000200020001020000010202020102000101020002010200020102000002010202020000010200010100010002020002000100020000020102000200020101000001000102000101020001010200000100000102000101020002020002000002010201000001020002020202000202010101020002020202000202010200010102020202000002010201000102020201000200020100000100020102010002000201000100000100020202010000010102
285 01020001020002010202000002020202020201000101020000010202020100020200000001020202010000010101020202010200020201000202000200010100000001020101000001020200010002020000010201010002020201010201010002010002010100020001010102000001000100000101000001010000000002010102020202020000000102000000010200000000000202010000010202010201020201020001010000010001020202000200010200000201000102020202000202020100000002010100010100000100010202010201000200010200010201010000000001000200000202010201010000000201020002020101020102000000
286 02000001020201000100020102010101020101010202020102010002010200000001020201010001020002000102000101010101000002020102010202020101000200010200020201000000020000020002010101020001020002000201020102020001010101010100000200020100020102000201020100020000000102020202020100020102020000010101000001010002000201000202000001000100010201000001010000020002000201010201000102010002010100010101010000000201000001010001010201000201000200000200010002010201010000020200020201000102000002020002000200000200020000000200020101010001
287 00000202020201020201020100010101000002000000020001000102000201020101000200020001010100000000010001010200020201000200010101020200000201010000020101020102020200000102020002020002020200010100000100010200000102010201000201010200020101000002020201000202020102000102010100010002010100020101010200010001010000020001000000010200020002020001000202010101000001000102010002010202020202000001000001000001000101010101000202020202010201010002020202010202010002000100020102000200010102020001020202000002000001020001020202000201
288 00010000010102000101010102020100010202000202000202000200000001000100010202020200000201020001000202010202000200010100010201000102010102010201010001010101020201000000000101000101000200010201010100010001020200010100000001020101020200010202000200020001010200010001000200000201000100010002000001010001020000010002010102010002000100010000020102020000010200000100000002020202000201000201010101010201000001010000020200000002000100020001000101020102020001020201010202010101010202020202010202020201010202010101020000020200
289 00000101000100000001000201010100010202010000020102010102010101000002000001010102020100000000020001000000000002000002020102020200000100010001010201000102020101020100010102020201000100010000010100000202020001010200020102010100000002000001000201000202020101010100000100010201000100010101010000010102010001010101000100000002020100020201020102000201000101020202020201020000000000010102020202010101020001010202020102000000020100020202020102000100000202010101010202010100000001010202000002010102010100000201000201020101
290 02000202000102000202000001000001020200020100020102000200000002000200000101010100000102010000010101000200020200010202020101020202020101010001000202020001000202020100020000020202020001010001000201010000020202000100010200020002010000020100000102020100010102020101010201020001010002000201020001000102020000010002010001000101020102000100000102020202020202000100000202010000000201020000020200010200020200000202010200010101010102010102000000000102020102010201000101000002020000020102000000000201020102020001020101020100
291 00010202000201000101010100000000000202000202000000020000000002010100010001010102020100020101000000010000000000020000010201000000020200010100010101000000010100010100020002020100010102000101000002000101010100020001020002020100010102000100000002020001010202020002000002000201010200010000000202010001020101000001010101010000020000000002020002010201020102020202000202010001000201010001010102000102000102010002000002020201020100010001000100020102000102010100020102010001010002010200000101010200010000020001010102010102
292 02000002010200010201020000020200020101000001000202010000000002000200000100010001000002010001000102010201010001020201020101010102020101020101000002010101000202020002020101010202000102020201010102000102000200020202020201020002000200020000020200000100010200000002010200010000010100010002010101010001000201010101010001010200020202010101010100010000010101010100010102000202000200000201020100000101000000010100020102020100010001020101020100000102000101000000010200020000000000010101020000010200010002010100000201020002
293 01010102000201010000010201020000020001020202000201010101020100000202000101000001010100010101000100020002000100010001000101000102010102020001010101020001020001010201000202000101000201010202010101000201000200010000010000020100010200000100010101000102010102000000020002000102020202000202010100020002010102020001000100010201000202010100020000010002000201020101000001020102000102010101020001000000020000000201010000020201020001010201000201010202010200000001000101000002000002000102000102000200010102000001010102010201
294 00010202020202020000020001000101010202020002000100000202000002010200010200010001020201020001000002010202010001000002010100010100010200010101000002020201010001010101000101010100000202000002000100010102010201000002000000010102000102010200000201000200000102010000020101010200020201020001000102010201000002010000000001000201000100010202020200020102010200020002020201020002000100020201000101000201020100020001000001010200010002020201010101000101000200020100020100010201000201000101020202010101000101000102000201000202
295 00010000000002000101020202010002010000020201000002000002010000020101010102010001020000000201000102000000000201020001020102020202010101000202020002010102000100020201010201020000020102010201010001000000020201000002020001000101000202010002000102020200010100000000000101010201000102000202010202000001010000010101000000010002020100000100000100020102020100010101000101010101000200000001000000000102000002000000010001020101000102010002020101020200000102020201020200000100000001020201000100010202010002000102010002010101
296 01010102010102010100000001020201020200020000010001000202010001020201000001000000010000020001020100010201010100020002010001000201010000020101020102020201020102010100000100010201010002000000010100010102000200020002000001000201020200010000010101020202020202000102020002020100000001000202000000020002000002000202020101000202010002000201020202010200010102020101000100000002000001000200010000010002010001000201000100000101020202020201020201010101020202010102000102010202000002000102000201010102020002020001010102010100
297 02020000020102020102000002010101010202010100000001010000000100000001020202000201020102010100010202000201010201020000020002010202020001010101000202010100010201020200020100010201000001020100000202010202010102020200000201010002010101020200020201000200020102010201020101000001020102020001010101000201000100020202010002000000000201000002010200010201000102010100010000000201000201000200020201020000010101020200020101010202020000000100010101000100000002020201000102000202020000000201000002010100000100010202000101020202
298 01000200000101010102000200000002020100020100000000000001010201000201000101010200010000020201020200000002010000000101010001000000000000000002020100000101010100010100010001010100000100000101020102010102010201000101020000000200010202020202000002020200000001010200020102020000010101010102010002020102010101010201010001010101000202020202010200000200020202000101000100020202000202010102010100000201000102010200010002000001000102010000000100020100010102000102020100000201010200020202000201000001010201010102000200000101
299 00020102010101010101020102010201010000010000010202010000000001000101000202000001010100010201010101010102010001020202000100020202020000020200000200000002010201010200010202020200000202000000010200020202010201020200000200000100010102000201000100010102020000010000020001010200020201020100000001020200020000000002020202010100010200020002010102000102000202010101000101010101020201000202010101020200020201020101010002000101000202000101010100000102010001000201010100000200000100010001010101010202000102010000020200000100
300 02020000000202000102000201010201020200000001010102020200000101010201020101010001000201020200010200000101010101020000000002000102020201020001010001000200010201020101010102020200000002010101000000000201020201010201010102010202000200020202010101010201020100020101010101020201000100020101020201020101010001020202020000000102000200020102010201020201010201020100000102020002020100020201020101020102000101000100010100010002020100010000010201010000020101010001020000020202020200020201010101000000010000000000010002020000
301 01010200020202020202000001000001020200000202010001010001010102000002020200010200000101020000000100000101010001000001000202010100000200020101020100020202010101020201000002000102000200010100010202020000020202010202010002020000020100000202010101010100000101010102000200000102010100000102020201000002000002010001020002000202000201000000020202010000020101000200020200000100000002020200000102010201020000010202000202010002000202000101000100000002010001020201010000010101000100010200020002000000000000000102020200000001
302 01010002020202000201010101000102010000020101010100020001000201010101010100000201010102010102010101010002020101010200010200020000020102020102000101010102000000000000020102000001020001020202010100000200010101000102000200020000010001020001000200000001010200020202010102000201020201010102010200000101020000020201010001020200000200020002020100010102000100020002020001010102000100010002000101020200020101000100010202020202000101020001010101010102010200020102020202010000020002010001000000020102020001010002020001010102
303 01020000020101000002020201000000000000020201000100020002010202000000000102020201010100010001020100020002010202010001020100020001000002020100010200010000000200020101000202000002010200010000020002000000010101020200020102020000010202010201000101010000020102000000010001010001020102000002010002000202010101020000000001010201010202000002010101020200020201010100010101010001000101000002010202000100010200000200010100010102010001000102000100000102010202000202020100010101010000020000010100010102020200020001020002020102
304 02000101010001000201010200020102020200000102010100010201020001010000010102020101010000020000000201010101020000000101020202010201020001020202010101000001020201020001010100010002020101000000010202020000000200010000000100000100020202000001010102010101020200020002000000020001020102020001000201020000010202010101020102010202000002020100010000010202000100000101020001010200000201000100020100020102000000000201020102010102020000020101020102010000000001000200010201010201020100000002010001010100020001020000020000010102
305 01000001020000010000020000000001000002000201000000020102000100010201020202010201010201020200020101000102000001020001020200010100000200010000020202000002000000020000000002020100000201010001010100000201020001020102010100000201010201020201010102010200010001000202010001020001010200010001000001010102010200000000020202020202010101020100010001020000020200010001000202010101000201000002010200010101000102000102020001000102000001000002000001010101020001000102020201000001010200010102010200010200000200020001000000000002
306 00020200020200010100010202000102010000000201000201020200020101010002010002010001000102010001000200000101020200000100000101000202000201000101000000000000020200010100010200000201010000020100020001000200020101020002010001000101000102010100020101010202000200000202000200010000010101000000000200020001000102020002000201000200010200000101000100000200000000010101020000000100020200020000020101020101000100000102010000010101010100000200020100000100020202020202000102020101010001020100000000010102020002010100020101000001
307 02020202010202010201000002010002000101000202020201020001020001010200000100010100010202020200000102010100000201010200020001020202020200000001000201010000010101000102020100010001000102020102010201000201010201020001010200010100020200010000000201010102010002020002000100010202020200010102010002020001000100010200010100000101020201020201000100000202000000010101000202020200000002000200000002000201020000000202000201000001020201000002000000020202020201010000020202010100010001000200020100010201020002000002020200000002
308 01010100000202020101010102000000010202010201020000010002000000020002020102000000000102000100010000010100020100020100000101020202020200000001000100000101020201010001010200000200020100020002010200000202000001010201000100000100000200010002020202020001010000010101020001020201010200010200000001010002010200000000010202020201010001000000010200010202020102000100010102010002020000010001010002010002010102020101000200020102010101000102020102010101000201000202010102020201000200000100000101020002020002020101020002000101
309 01000000000100020100020000000101010201020101010001020202020202000000010201020001020100000001000200010001010000010002020102000101020001000101010201020201020001020101010201010100010002010101020002000200010001000202020102020002000200010002020001010002000000000102000000010202020102000102000202010102020102000202000101010002010101000202020002010202000102010102000201010201000202020100020202010200010200010202000202010201000200000202010101000001000002010102000202000201010102010201000201020201010002010102000000010000
310 00010001010000020201010201020000000200020200020100010101000002000000010001010100000102020001010202010201000200000001020101010201020102000101010202020200020202020002020201020101000002020202010002010001020102020001000102020001020102020202010201000102000101010102000201010101020102010200020202010202010002020000020101000002000001020000000002020101000202000102010100000201010102020001000202020100020002000000020002020101020102010102010002010101010002010000000001020200000000010201000200000200000002020200000000000202
311 00010001000001010201020102000001000201010202020000020100020202000201010001010002000201000101000100020000020200000201000101010001010000010001020000020002010200000001000100010102020201010000010002020000020002010001000102000000000101010201010000000202010001020100020200010202010000020102010202020100020002000000020200020202010200000002010100000100010001020200000201010200020201010000000100020101010201020101010000000100020201010002020002010102010001020201010202020101010200000202000200020202020001010201020001000001
312 00000000010100000001010202020200020101010002010000020200010002000200000002010102020101000201010101020102010000000002000202020100000001010000020100020202020001020201010102020200010000010100010200000000000201010202020201020201010202000101010002020002000202020002020002020200020201010100020000020000020101000201000202010202020202010100020100000100000201000201010001010100010201000001010000010202010001000102020202010202010001020101000101020202020202010000000001020102000102020201000101020002020000010101020201010201
313 00000201020101020002020000000202000101010001000100020202010201020101000100000001000000020101020002000100020102020202010201000202010002000200010100000201020100010002000001020201010101010202000201020201020000010100010202020001000101020202000100010102020102000202000201000100020100010202010200020000020100000102000000000102000102010100000001010001020201010000000002020202020001020202020001020202010201010002020002000202020200020002000000020100000102010002000100000201010200000200000101020202020202010002000000000201
314 02020200010001010002010001000200020001010102010201020001020102020202000100020202020001020101000102010201010000020000020000000002010200020200020200010101010101010100010000000002010101020201020201020100010101020102020002010002010001010202000101000002020100020002000101010202010200010201010000010202020102010100020201020001000000000000020200000202020100010101000102000002010200000201000202000101020200020101000000020102020200000102020100010102020200010102000101020101000100010200020001000102010100000100020200010101
315 00010000010200010102020102020200010002010001010102020100020201020202000200020201000001010001010000000202000001000001020101000101000201000201010101000202010101000102020101020100010000010200010001000000020001000000020001010201000202020001020102010100000100010002010002000201000201000201010102010000020200000000020201000101000102010101020000000202010001020102000100020001020101000201000001010202020001000002020202020201000102000001020200010202010202000200000201000200000001000001020100000002010002010201020002010100
316 01000202010202020102010201000202010102000102010101000201020201010202010001010201020002000102000200010101010002000201020102010002010201020002010200010000020002010002020101000102020200010000010202010002000002010100020200020201010002010200020002000101020000010000020001000002020001020202010101010202020000000101010001020202010001020202020202020101020001000102020202000101020200010102020001010200000200000100010102020102010200000202020000000200010002010102010102000102000000010100020002020200020101020202000000010200
317 00020002020201010100020102010000020102010201020100000102000101000100000101000202010102010202010001010200010100020102000001000101010202000102010001020200020200010101010101000000010102020101000002010202010101020200010000000000020200010002020002010101020100020200020001020102000100020001020101000001000002020100020002020102010002010001010001000202010100010002010000000002010102000200010101000100000102000000000202000200010000020202010002000101010202000101000002000202000101020202000200020000010101000001020100000102
318 01010102000002010002000102010202020200010201020002020200020002010202000202020100010002010102000102010202010001010201020202020001010202020001000200010001010200020002010101010100000101000200010202000100000200010100000002020101020201010202000100010100010102010002010202000102020202020202000102010102000101020000020002000102020100000100000101010201020201010100010200000001000102010000020102000202000200020002020100000000000000010101010202000002020000020201000000000000000202010000000001010100000102010001010201000002
319 00010100010201010001010101010100010000020200010001010100010201010201020002010201010200010000010101010101000100020101010202020201010002020201000102000000000001000101010202010202020201020101010201010202000101010002010201010201000000000000000001010002020101000100010001020201000202000202010102010100010202020200020201020000010101020001000001010201020100000202020201020001000202020102010101000000010000020002000200010001020002020101020200000102020101010101000101000001000000020101010200020001000001020102020102020001
320 00020201000102020202010102020101020202000001020202020002010001000002010000010001010002020202010202020001010201010200010101020001020202000200020100020100010100020002020201000100000100020200020200000000020200000100020100020000000202020000000202010000000102020200000100010202020202000202020200010101020100000001020201000201020000000201010001000002010202010002010202000002010000020102010002000001020001000101020101000200000001020202000102020000010000020100010100000201020001010000020101020101000101010101000200010102
321 02000002010100000202020000010000000002020100020001000201000000020202000202010000010002010002010102020001000001020000010202020101010100020000000100000101010201020102010200000200020002020200020102000000020202020101000100010101010202010200010002020002020001020202020100010201010001000101010101010000000100010000020001010201000201000001000202010200020002010201000200000202010001010100020100000102000202010101010000020202000201010202010101020101010001020001020200000102020202010101000200010201020001020100000102010101
322 01000101010200010102020100010101010002020002020002000102000200000102020101020002000000010000000101000101020001020202000002010002020100000102000102010000010002020100000001020001010000020202020000000201020002010000010201010202020101020100020100020102010001020000010000000201010102020001010001010000000102020202020201010200020001000100010101010000020102000001000101000100010000000102000000010101000202020201010102010100010102000001010000020002000201010002010000010001020102020002000200010000020002010001000202010001
323 01010202010100010001000002000100000002010000010001010002000002020200000000020200000200010002000201010101000101020101000001020100020002000100020100020102020101020202000001000001010101010201000200010202000200020000020001010101010201000101010202010102020101010201020200010001020102010101000102000102000201000100000200000200020200020200000100020000010202010101000100010200020100010201020000010001020200000001010200000100010001010100000202010101020001000202010000000200010201010200010102000102010002000200000000000201
324 00020200020102010102000002000000010202010000000200020101020201020001010100010201000100000100020201000000020201000102000201020201000100010000000202000100000101000202020001000000000000000002020202000201010202010001020202020001020001020101020200000100000001020002020002000002010100020101020202010202020201020002010201010002000202020100020000020102010202000101010102000202010000010101000201000101000200010002010000010101020101010002000200010000000102020201000202010002020002010000020200020100000201000100000102020100
325 01010100000102010200020100000100020102000100010201020201000101010102020202000100000001010102000200010102010201020001000001020102010201000001000001020202000102020200020102020202010200020000000102000102010102010202010102020100010102010100010202000200020101010001000000020200020101010000010102010100010102010200010002020202010201010200010201020101000100000100010001020201010002000102000101010100000201010101020200000100020101000001010102020002010200010100010202020102020100020102000001000001020100010000000200010201
326 01000000000200020202020001000202020202000101010100000100020001020002000201020101020200010102020200020202010200000202010000000001000202000102000102020100000000010101000201000202010202010201000101010102000100020100010101000001000000000102000200000100000202000000020200010202000001010202020200020100020101010202010100020002010000020100010000000101020001000200010202020000010200000102000002000201000102000002000001010201020100010200020100010101000101000000000102010200000000010201000101020102000200020000000101020102
327 00020002000100000201010101010001000200020102010100000201000002010201010101020101020001010200010000020202020101010100010100010200000000000000020201000201020202020001000002010201020201020001020000000001020201010101000102010001000102020200010200010101020001000200010102020100000200000000020101020202020201000202010200000202000101010200010001000001000000010101010101020101020201000101010202020002000102000001020100010200020101010200000201000200020202020100010101000101020002010200020100020002000100020002020000020202
328 02000001020100000100020000000102010202020200020102000200000201000001020202000100000202010000020200010200010201000101020201000202020101020102000000020000020001020200020202010100000001020002010002020102020200010100000201020100020200020202020000010102020100010102020101020000000201020000000000020000010002010101000201000201000000000101020101010101000101010000000001010201020201000202000102010102020002020202020000000200000002020100000202000101000002000001010000010100000000020200020200020002020001020200020102000102
329 02010101010102010200010200020102010202000002000001020000010002010001020100000101010000010200010000000201010200010200010201020201000202000001010101010202020100010102000202020000010200010002010101010201010100000201000001000200010201010000010202000000020001000200000002000100000000000101000001000100000101010102020102000102010202000002020202020202010200000200010102020002020101020202020000000102000002000101020100010201020000010001000000020002010102000102000000020102020200000001010101000002000202010101020101000100
330 01000001020001020200010201000200000102020202020001020101000000000002000002020202020201020002000001000200000202020002010101020001000102020200010200020202010001020001010201020001000202020201020201020202020200010000000001020000010201010000020200010100020001000001020101010001020000010001000101000102020202010000020002010102020002000001010001010100000002000100000100020000010100000001000202020102010002010101010101010201010102000202010100000202020002010002010200010201020202020102000101020102000200020001000002020001
331 00020002010202010200000002000000020100020101020000010000000201010000010002000001000201020101020100010102000202000100020201000201020100020101000102010001000101000200000000000202010100010201020202020200010101010000010201020001010200000202020102020000010001020002000000020101020201010002000001020101000101010001000200000200020102010000010202000001020001010201020201020002020201020001020102010100020100010101010102010102020002000201000100010202020202020000010202020200010001020000020101010002020101010202020200010100
332 02020001000101010102010001000100010100000202010202000002000000000102000100020002020001020200010100010102000102010202020201010002010200000001020102000002010100020101000102000200020201000202020100020000010200000100000101020001010001010202000000020201020002000000000001000102020200020002000102010200010102020001010200000201010102020200010100020200000200010200020001010100010100000202010202000100010202020201010100000102020202010200020101010101000100000200010002000202020101020100000001000201000100020002000102010002
333 02000102010002020202000200020201010201010201010000000002010100000102000101010201020102020102010001020002010101010200000201000101000201020102000102000100000100010000000002010201000100000100010000020101000001000000010101010000010102010001010002020001010000000102000201010001010101000102000001020200000200000001020200020200010000010200010101020102000100000201010200010200010200000002020200010100020001020000000102010101010202010000010200010000000102020001020101010200010100010201020200000000000200020002000001010101
334 01010000010102000201010101020200020201010201020001000100020002000000010001010100000102020200020001000201000101020202020002010001000200020001010200010002020200010202010001020100000201020100020002020200010100010002000100010002020100000100010202000201020001020000000100000001010101020100000202000001010100000201020200020102020002010100020101000002020001010002010100000102010201000201020100020101020000020002020201020001000202010002000202020202010201000000020100020100020202020201020200020201020000020202000001010101
335 00010000010002010201020101020202000100010100000101000102010100010201020100010200020200000202000202000200000000020000000200000100020001000201020001000101010001010200010101010202020001020001010101020002020102000000010100020002010200010202000200010201000200020002020202020201020102020002020002020000020001020001000101010102000002010101000101000100010100020002010100010200000100010200010002010001020002000101000000010100010001010200000001000201010102020200000201020002000001010101020100020102010102020200010000000101
336 01010102000101010200000000010100010002020000000200020001010002010102020101020101010002020202020202010101000001000000020101010000000000000200010202000202020002020002020000020001000102000101000202000200010000000002010202020201010201000000020001010200000102000002020102020102020201000201020100020101000000010000010002020000020000000200020201020000020001010101020001020002010100000101010101000101020202000100000000000101000001000202010202020000020201020002000002000002020000000101010002010201020200010000020002000100
337 00010201010102020202020002020000000101020102020200020202020101020102020000000102000200020201020000010201000002000101020102000201010001020000020101010200020002000102020202010202020102020200010202000202000000020002010000010101010200020201000201000000020201000001020200020201020202010000010202010101010201010002010101020000020101020001000102010202010001020100010200000102010001010001020202000002010100020101010002000102020101010101020001020202000002000100000000010100020000010002010100000202010002010202000001020000
338 02010100010000010101010000010001020002010200010100020100000001020001000201020000010201010202010001020100010002020100010002010201010202020202020002000201000101020101010202010102020201010101020101010102000200020102000001010101010200020200000002020001010002000001020000010002020101020102000000000101000001010001000000010202010101020102020001020200020102010000000202000102010000010000000102000100020201010100010201010102010100000000000201020202020101010101000000020102010002010100020002020200010000010000000000010101
339 02020201020101020202020101010201010101010101020002000202020100000100010100020100000202010200000202020000020100020200010002020202010101020202010102010102020002000201020101010001010000020000010101000102020201020002020102020002010002020200000102000002010002000000010201010001000001010101020201020101020101000000020100020202000100000201000002010002010102010001010001000201020001020100020101010001010000020201000000000101010202010000010001020002010000010200010202000001020100000201020200000100000201000201010002010201
340 01010001000102010102000200020000000000020200020200000002010000020001010202020200020201020101000102000000020202010001020200010102000201010101010201010001010200010201010001000000010101020102000102020201020201010002010200020100000202020100010001000201000000020101000201010200020001010101010100010201010201000100000102020102020100000102000102020201010002010102000001020100010101000000000100020000000201010101020001010200020002000200000001010101000202020102000001000000010202000002010201010201020001020202020100000102
341 01020202000201000000000101020100020102010001020001010201010100010200020001010201010200000200000201000200000202010200020002020000010000000002020001010000020000000202020000020200020001020002010000020200000102000200010201000201000202020001010200000002000001000101010200010102010002010200010000020001020101000202020200010200020202020000020102020001010200000002020000000000000100010100000002000200020000020000000102000101000202020100000201020200010201010201010202020002020201010002000202020001020100020002010102010000
342 02020202020202020002020100020202020001010200010201010101010100020100020101020101010001010100000001010200010000020101020202000000000001010100010101000202000000000000020102020200010100020101000201020101020202010202010001000101010101000201020002010201000202020202010200000000000200000100020201020201020201000201020100010200020100010102000100000001020002000102000101010202010000000000020000000200000200020000010002010002000102020100010001000001020000010101020101010001010201020200000100000101000001010102020202020201
343 02020001020001000001020201000102020201010200000202020101010102000102020200000202010101000201020001010000000200000000020200010002000101020202010101000101000100020102000202020201020002010002000101020100000101020202000100010200000101010201020201010100010001000202000000000200000002010200000002010200020202000201010102020102000201020201010201010100010100020000020102000201000102000000000100020001000001010202000202000201020101010001000202010200000101000000020101000000010100020001000100000002020000000102010201000200
344 00000201000000020202000200020101020001010101020200000200010101000101020002020000000102010102000100010000020102000101000202020101010200020102000102000000010202000002020000010201020000010002000200010102000002010100000200010002020201020001020101020000020201020002000101020001020001000102000202000101010002000000020200020100010202010002020201010100020100010100010001000202020101020002020200020201000202000000000000020200010002020201020201020002000200020201010100010202000201000000010000000001010202020100020102000000
345 00010001020001020101010200010000000000010002000200000200000201020202000002010002010001010202010202010100020000020001010100000002010000020002010201000000010002010200000101000002010002000001010200020202020000010002000001000202020200000201010202000002000202020100020101020000020100000102000002010100020002020100000000010202000101000101020000000002000201000001010200020001000002020002020000020001020000000101000101000200010001010202010002020002010001020000000102010200010001000202000202000101020200020201010102010001
346 01020200020001000100020201010102020001010001010202000001020000010102010201010101020202000001020002010101020202010100000000010100020200020201020201020101000100020101020202000101010002000101010200020201000100010101010101000201000201010200020000010100010100010001000200020000020101000101010000010101010200010201020201000001010200020000010001010001020102010202000100020101010001000202000202020100000000020201020200000000000101000101000101000101010000000200010200020101020002000002000100000202000202010001020102000001
347 01010102020102020101000202000202000100000101000101000001010100010001000001000000010102010201000002000000020001020001000000000000000000000001020101010002000100000100010002010100010102010101000200000000000100000002020000010102010200020201020201010201010101000200020101000001000101010102000002020102020200020201010102000101020201000201000002010100020000020202010200000201020201010201010001000100000100020000000201020002020100020000000001020200020101010100020102000200010202020000000001020101020101020201010100020002
348 01020001010002020002010201010000000000000202010201000100010001010002010001010200020001020101010001000202010100000200020100020202020001010100010100020002010101020102020101010200010201010101000202010000000000010001000001020100010202010002020002020102000101020200010101010102000102020100020102000101020001000102010202020002010000010100010100010200000002020102000102010002020202020202020102000202000100020000020100010100010000020200010100000001000002020002000000000001020102000000010001020001000000000102010000020200
349 01020102020202020002010202000002020102020200010200000001000102020000000002020200010102010202010001020102000202020201020100010201010202000101010200000002010101000102000201010201000202000002010101010000010101020200000201020201020002010201010202020002010202020200010101010100000202020002020000010001000100020202020002010202000202020200010101010002000101010000000002000200020001010102020201010002010201020200020001020100010002000001020200000002020001010000010100020200010102000200020102020101010202010102020202010202
350 00010000000102020100010202010001020101010201020202020102000202020101020200000102000002000001020102010100000202010001020101020100000002010201010101020202000001000002020202020201020001000000010101010201020101020100000002000101010200000202000000020000000102000100010002020100020202020100020001010002010101010202020201020102000201010100020101020001010101000201010101010001000102010100000201010200010000000202020202020200000202000100000001010000010101010102000000010101000201000002000201020102010002010001000001020202
351 02010100000202000002010202010200020202010000010200010101000200020202020202010200020100010202010201020001000001020000000100000102000201010201020202010002000002010000020201020100000101020202010100000201000100000102000000020101000200000102000202020200020200020000020001010102000100020100000202020001000101010000020101000000000000000101010102000000020102010000020101010000020202010200020102000000000000010201000001000201010001020201010102000000010100020101020200020000000201010002010100000100000000020102010000020002
352 00010100010000010201000202010201020000000202010200000201010102000001020201000102020102010202000202020002010001010101020002020100020002020102000202010100000000000000020201010101010101000001020100010002000102000100020001020001020000010201010202020102000200020200000000010200000102000002010200010000020000020201020102020102010001000201020201000202020101000201000000010102000102010000020202020001020101000100010002020101010200020002010100000100010000000101000101010001010002010200010102010001010202000200000202000200
353 00000102020202000202010000020102020100020101010201010002010000000000000100000200010202020001010201000201000200020202000101000202010001010200020100000202010101020201010101000200010200000201010100020200010200010201020202000102010201010201000000000001020200020200000100020001010100000200000001010000020102020201020001020201010202000001000200010102020102020201010202010101020202020102010100010100000002020000010100010201000101010200010100010101020002010201010102020101000202020200020001000101020101000200000100010101
354 01010002000201010101020101000100020101010002000002000101000200010102020202020100010000000201010000000200000102000000020201010202020101000102020202000002000001000100020100020201020201000202020102000100000200020200020102000000000100020001020202000200000001000202020102000002010202010001020102010000010001000001000001010202010000000000020100000201020000020101000101020101000202020102010202020201010200000202010101010002000000010200010000000201020102010001000200010102010201010102020201020000000101020102000102010100
355 00020001020100020200020101020100020002020000020102000202010200020202020101010101010201020202000101000001010102020202010000000101000000020200020202020200010201010102010102000000010102010000000100010200000201020002000101010200010200000000000200010001010101020100020101020201010002010001010102020002020100020002010102020002010101000202020101020202000101000201000202010100010202010002020101000200000101020000010101010201000002000102010000010100010001010101000002010102020102010002020002020100010002020000020100020101
356 00010001010100000102000100010102020000000100020201020100010200020001000102010101000101010101020002020000010002020200010002020200010000010101020202000102020101000102020101020002000102010200010200020202020102000202010001000001010202000001000101000002020200020101020202010000010101010202010100000002000101010200020202000102010201000200020100000100010001020002000000000201010002000200010200010000010002010202010002020001000201000000020102020001000100010002000100010001010202020001020002020202010200010001010100000101
357 01020202020201010101010102020002020000020201000202020000020102010102000202010100020001000000000201020001010201000201010200010000000001010000010102000001010101020201020201020202020100000101010000020101000101000002000200020200020101000100010102010100010002000002010101020102020000000202010101000202000002020002010101020001010101020101020100000001020001000000020200000000010002000001010101000202000202010100000001020202010000000002010202010002000100000002010102000200020200010001010202020200000201020102000100010000
358 00000201010002010201020000020100010102020002000200010002020100010202000002020200020000000101000100020002010202010001000102010002010200010201020202000201010200020000010200010200000101020100010100010001000001000202020100000001020101020100020000000100000100010102000000020102020200010101010001000102000101020002010201010100010101020202000002000000000200010002010201000000020002000002000202000202000001000101000100000002000200000202020001000001010202000100010100010101020002000201000100010000020200000200000002020000
359 00000100020001010201000002000202020200020002010201000000020101020000010201010002010200020200020200020201010200000101020202010002000101000201020101010101010000020201010202000201000002020102020200000201020202020000000100000101010001010200020202020001000002020102020002010102020001020000000100000101010100000202020102010100000201020200010002010101020202020101010201000101020102020002000201010001010201020200020201020002000101010000000202000000000102000102000201000200010100010101010100000100000102020201010202010002
360 02010201000000020202000202020201020200020000020200000201020101000001000002020002020201000102010000010101020200010100000101020100000201000001000202010002000000010102010200020002010201010202010002010002020001010101010202000001010102000201020202000202000200020001020201000201020102010201010101020201000101020100020002020000000100010101000002010202000002000101010101010000010101000100010101020102000200000002020000020000010102010101000202000100000201000001000100010201020100000002010100010001010101010100010101000101
361 02000002020102010100000200020201020000020001020001000201020002020001010002000102020001020100000200000001020001020001020100010100010000000201020200000200020001000200000201000101020101000200010000010001010001000100000200020202010200010101000000010000000102020000000001020001020201000202000102010202010000010102020101010200000202000102020001020001010201000201010102000101020100000102000100010202010201000200010101010000000000020201010101010001000000010102000000010201010100010201020100000001010200000101010201000002
362 02010200010200020001000102000000020201010101010002020200000201000201010002020102010200020001020201010102020000020201020100000101020202010100000201010101010100020102000001020002020001000202010102010202010002010100000101010201010201000102000200000100010102020000000201000101020002000001000002000101020101010002010201000100000100020002020000000001020100020202000100020000010102000200000002020000020201000100020102020201000200000102020202020000000202020202010100000001000200010000000202000000020000010201020202020200
363 00000101000102020001000100000002020102000101000000010002010200010202010000010200010201010002010000000002010202020001000002000200020200000101010100020101010002010101010100000200020202020200020101010100020002010002000002000000010000020201020102010102010100000100010202000201020200020102000201010200000101010001000200020002020102000202000102020002000201020000000202000100010102010201010100020101000102020200000001010202000202010002000002020001020000010001010102000201010202020101010102010101020100010000010000010001
364 02020200010102020202010000010102020101010001010000000001020102000002010101000000010002000101010200020102000101010102020100010000010102020101020202020001000200010002000200000100010201010100000100010102010202000002020001010100010000000201000201000000000200020200000102000101010002000001000201000002020100010202020002020101000001000001000102010102000001000000010202000102010101020101010202000000000100020200000100000102000100000201020001010100020200020000010102000201010000000002010000010202020102020201000201020102
365 01010200010101010000010002010002010001020201020201000101020002000201010201010100000200020002000001010100020002010002000002010200010200000000020101020100020202000200000101000002010201020201000100000101010100020201000101000000010100020201010200010201020101020201020100020101020001010002000200010200010102000002020000020101010100010000000000000002020200010102000200020101000101020200000202010001020001010000020001020101010102010002010202020101010201020001020201020001010200010100010002010100020001020201000202020101
366 00020100020101010000010101000200020101010100000101000000010102020201000202000101000202000100010201020002000000000101000101020200020102000002000002010102020002010102000202010100010102010000010001010101000101000000020001020001010101000102020001010101000201000102020000010002010002020102020202000001010101010000020000020102010202020100000202000100020200010101010001020102010100000000020100000002000100020100010000020202010102010001010101000102010101020101010000010200000000000001010102020201000000000202020102010002
367 01000102000101020200010002020202020100010100000102000001000201000101010200010200010102010102000200010200000000020001000000010201000001000102000001010200010202010202000200020102010001000101000102010201010000020102000100020100000001020101020102000200010200020001010000010001020001010000010202020002000101020202020102020201000202020100020202010100000202020201020102010101000200010001010202020002000201020101000201000202000100000000010002020202000100000101010101010000010101000001000101000102000100010001010202020200
368 01020100000201000102000200020200020102000200020101010201000000020002020202010100010201010000000201000002020202020102000100020001020001000102000000020002020201010000010100010102010001010100010100000100000101000102020001000000020000000200020101010202010001000101020101000101010002000001000200000002010101000201010102010000000200000002020102000200020200000101020200010102010201000002000202020200020000020001000200000102010102000202020001020201010001020101000000000200020101010200010202010101010200020001010000000202
369 02020000020101000002020201010100000000020201000202010201020101010101010102010002000101020201010001010000010101020100020102020202020201000000000002020000000200010100000100000002000202010102020201020200020101000001020000020202020100010002010101010202010002010000000001010201020101000200000202000202020100000102000201000101010101000001010201010100010000010001020102020102020100000001020202000202020002000001010102020000020102020201020001000201020000000200020000000101020000010202010101000200000101020000010000020002
370 01020100000000000201000000000200000000020001000100020100000201010102010202010202000100020001020100000200010000010102000201010101010200020202020201000002020000020001000001010102010101010102020201000200000101000102010202000002020101000001000101010000020100010001000002000101000201010002020002010101010101010100020200020000020000010100010200020201010000020202020102010000000101020001010000000100020102020200010002010101020102010200010201000202000001010000000101000202000102000101020202010000020101020002020200010002
371 01020101020100000201000102000201020002010001000002020000010201020200000200000200010202000002000100020001000200000200020202010202010202020101000102020001010101020101000002000001020201000002000102020200010001000101020201020000010201000000020200000201000000020201020100010202000201000101000202020002010202020201010201010001020202020200000102000200000000020000020102000002010002010201010000020201000200020102010000020200020202020202010202000001000001000201000002020001020200020100010002000202010100000002020101020202
372 01010101010202010202000100020001020101020102010102010100020201020200010202020101000102010201000200000001020201020101020101020102020101000201020001010101000200010101020000020002020200000100010001020202000102010100010100020201010201000200010001020102020002010002010002020000020100010100000100010000010102000200020000020000000102000200000100010202010002020102010100020201000000000101020101020102000000020101000000000000020002020002000201020202000000010102000001020201010000010002010102020200020100020002020002020100
373 00000000020201000201020002020200010102020201010200010101020001010000010102000200000201000101010102020201010101000201000101020002010001000000000000020100010201000001000102020201000001000002020002020002000201010002020002000202020201020000020002020000010201010001010202000002020202000201000002010202000201020101010200000100000100010201000102000100020201020200000001010200000001010201000002010201000102000200010001020202020000010000020101020000010100010102000202000102000202000102020000010002000000010102000001010001
374 01010000010200000002020202020202000000000002000000010200020002010102000201020002020201010202020202000001000100000100020100000001020102000101020102010202000001000001010102010202010201020000000001010201000201020100010102010002000001000201000000020102010000020201010001000102000200020100010000000000010102000001010102020200020000000102000101010000000100010202010001000202020100010002010000000102010102000101010102010201020201010000000002000000000101000002010100000200020202020202000201020202000001010001010102020100
375 01000100020202000100000201000101000001010002000002020102010202020102000100020201010000010102000000010001010101020102010102000102010101010200020101020102020102010102020000010102020101020000010202020202010001010002000102000200020100020000010201020002020202000201000101020102010102000100020102020201010001000200020002010201010001020000000000010000000200000102020101000102000001000001020101010202010201010001020002020201010001000200010200020002020102020202020001000000010101000000010100020100010201020201000100010002
376 00000200010202010100000002000000020100010202010002020102020202010200020000000100010001020102000100010202010000000002000101000200000200010001020201020001000100010001010000020200010100020201020100020000010202010102010200010101020102000001010201020001000200010000020100000000000201020000010102000001020101020202010202000202000201000001000001010102000202010100000202000101010100000000010201010002010200010202010202020002020002020002020000020001000102020201000101000000010001010201010000000101000001000201010102000200
377 00010002010200020100020001020102020000000002020100020002000200000102020102010202020202020102020000000202020101020000020102010200000000020102020001010001020202020102000002000202020102010202020101020200000001020202000200020000010100010101010000010102020002010100010202020200020201010201020002000002020001010100010100000101000202020200010201020100010100020201020102010102000201010002010201000101010001000200020201020000020100020101000002000200000101020002020000000101020202020002020001000200010002010200020202000201
378 00010201000100000002020001000201000202020101020200010202020102020200020001010100000201000002010202000202010101010100000201000000020000020200020202010002000102000201020200010102000100020200020101010101020102020201020102010202020000000101010100010202020102000100000002020102010101000102000200010202020000020002000102010001000100020202010201020100020000000201000200000100020202010002020200020100010001000200010100000200000101020100020101020201010001000201010100010002010100020001020202020001010100020201010201020202
379 00000000010000020200000001000001000102000102000102020201010001020100010001010100010102010200020100020201000201000001010200020200020102010100000102000001000102010201020002020000010000010101020001000100000000000102010201000000010002020000020001010102010102020002010001020000010102000202000201010201020201000201000201010000020002010200000100020101000001020200000200020000010201010002020101000202000202000201010001010201020201010202010101010002010102020000000100000202000100020200000001020000010102000001010201000000
380 02000001020000020201010201000201010102000102000000000002010100020002020002010002010202000102020202000000020101020101010202010102020202000200010001000100000000000100010000000002010202020002000002000101010100020101000102010102000102000000020200010101010102010100000000020202000200020001010102020202000200020002000100020000000202010200010102010100020001010001020001020100000002010200000202020201000100020101020201020001020100000001010102010002000201020002000101010100010100000200020101000000020001000000000000010102
381 02020101010000000202010000020001020001020000000200020200010100010101020202020001020001000100010101010201000000000201020000000102010100020101000200010201010100010100010200020002020201000201020201020101000202010102000102020001000001020101010102020102000000010102020101000100000201010102020200000102000100010202010100000001000102020100020001000102010100020001010101010002020001020002010001000002020200010201020000000200020101020001000201010102000102010102020200000202000101000101000102020102010001000001010101000201
382 01000102010101020200000101010202000000010200020102000200000102020102000101010001020100020201000201010202020102020101000102010002020200020202000100010100020002000002000201020202000202020200020102020002010101000202020200010102000001010202020100020201020000020100020001010201000102010201020000020100000002010002010202010200000100020200010200000002020101000002010000010002000001000001000102010202010202010202020200020101020002020000010101020201020002020000020202020102020102000102020002000001000101020002000000010102
383 01020002010201010100000002000200010101000001010101000102020100000202010101000200010200010002020100000100020001020002020102000201000201010002020202010202000001010000000001020001010200000201000202000202020200010102020100000000020002010100000102000202020200020101020001010000020102020002020201000202020202010002020200000202020001010001020101010201010001020002020102020001020202010000010201020200020102010002000000000101020100010202010201010000000101010001020002010200000201020101000202020100020101000101020002020202
384 02010100020102010000020102000000000200020202000000020001000001000002020200010000020201000100020101020200000200000101000100020101010100010201010001020202020100000100000101010000010101020100010001020102020101020102020200010000010101010200000002020002020202010001020200010002010001020200000000020102020001010101020202000000020200010100020101010001020100000002010002010200020201000101010000020100020201000200020201020001020001020201000002020201000200010201000002020100020201000202020200000002000200000001000101000100
385 00000100000201010200020002010001010201000100010102020100020202010101020001020101020202000202020200020102000100000100000000010102010000010000010202010000000202000101020102010102020000020100010102000202020000020101010101020201020200020202020000010002010101020101020000020101010002020002000000010001010201000102010102020200020200010001020002020001000000010001010001020100010200020001020102020201020000020001000002000002020200020101010100010000020101000101010100000000020000020002020100010001010102000100000202000100
386 02010202010200020100020000020201020002000200000202010100020202000200020201020202020100010102010102000202000200010101020101010001010000020001000201010000020101020202010202000200000102010201000002010202020202000201010001010102010000020102000002010200010102020002020100020001010200020101010002000200020002020000020100020200020101020000000100000000000001010101000200000002010102020202020001010102010200000202010001020102010202000101020202010000020202010002000101000200000100010102010101000002000102020001020201010002
387 01020001000100020201020001000202020000020001020202010001020200020100000001010200010101020101010202000102010000000102020100010002010102010202020001010102010001020102020102000000010102010201010202010101000000020102010001010202000200020000000200010100000101000000010201020001000101000101000102000101010200000000020200000000020100000202020102010101010100010002020002010002010200010201000100020101010001010001010002000202010200000201020102000002010200000102010101010102020201020102010201000001020201010201000000020101
388 02010200010201000002010202000102020002000202010101000100020100020200020000000002020102020201010102010201010101000101020001000201010201000000010000000000000001000001010201000001020101010202020202020200010200000102020000000001010202020100010002020000020100010201020100020101000102020000010200010100010202010200000201010001010202010001020102010001010100000000020202020202000202020101000201020200000102010201010200010101010000010002020202010102010000000002010002010002010101020201010201000002010002000002000002010100
389 02000202010100000000010001020000010101020002020100010102020100020101000202010100010002020001010201020200000100000202010002010201010201000001000201000100010200010101010201000001000000010102000200010100020001010100010201010002000002010000000202020101000002020002020201000001010202000002020002000100000202010000000002020202010102000002000202020000020002010002000000010202000102000102000102010102000202000001020102020002020002000001010100000101010101000001020100000200020201020101020102020201010102000000010200020000
390 00000100000201010102020200000201020102000101000001000000020000020101000201000100010100020200000100020201000001010101020102000002010201020001010001020000000101020100000002010102020101020102010101000201020000020101010102010000010100000102020100020000010100010001010000010102020102000102010202010200020100000002020102020201020100010001010100020202010200000000020202020002000200020001020200010200020102010000000201010002020000000101000202020200010102010101020202000102020002000202020102000201000100000101020102020202
391 01020001020001000202020000010200010202020100010202010202000102010101010101000202020001000201020200020202010200000000010100000000010200000200020102010001010100020102010100020202000000000200020002000000010201010100010101020100000000000100020000000102010000010002020101000101010101000002020001000201020001000102000200000000010002010100010002020202000100010200020101010201000102000201020100020101020202010202010202020101000100000202010100000102020100020201010001020001020100010101000001010101010200010101000000020000
392 02020200000102000202020000010102000000010202010201010101010202000200020200010102010202000100020200000201020001020202000201000102000201000202020002010202010001020102010102000002020100020002000102000201010102020202010201010000020202000100010100020100000100000002000202000102000100000002000200010200000100010200010201020200020001010100020100000001010200000101000100010201010102020102000201010200010200000101020102020002010000000002020000020000000202020000000201010201010201000000000000020202010100000000020202010101
393 02020100000202000002020201010102010102000100010102020001010002010100020200020001020101010201000202020001010200020102010000010002020002000102010202000000010002010000000002020002000102000002000002000102010002010201010001000100000202000101000201020002000102000200020002010002000102000001010100010200000002000100020100010101010001010100000100000000010000020002020002020200000000000200020200010101000002000100010001020101000200020202020200000001010000010101000002010101020000010001000101010200000002010001020101000101
394 01020201000002010002000202010100020000020201000001020000010200020101000100020202020102000200010100010100010201020100010202020101010101010001010000000000020002020102020001000100020000020100010100000200010001020202010102000000000201010000010101000200000100020001010101010101020202000000000202020202000102000002020200010000000102000100010001010200010100010101020101010002010201020001000102020001020101010001000202010001020101000202010101020000020002010100000002020001010102020202020000010200010102020200000001020100
395 02020001000000010102010002010201000102020202000102020000010102010100000200000101000000000002020100000100020002010100010002020000000000020001010101010100020100000102020101020100020100000100010102020202000200000202020100010201010000020001010000020102010000010000020202010100020002010002000200000202000002000200010002000000010201010100020102010201020200010001000100020000010200010002020100020202000002020100020202020202010202020001010102010202000100020000010000010101010100000102020002000002020100000002010001010102
396 01010202000000020200020101010201010002010202010101020201010000020200000100020200020002000001020102020202010202020102020200020002000100020102000102010100010001010202020002000202020001010001010100010001020202020102020200000201020100000001010102020200000200020200020102000000010201020201010200010002010201020200000101010002010202010101020002010202020201010102020202020102020101000101000002000102010002010001010002020002020001010202000101020001000102010201010000020001020200010201020001020100010001000200000000000202
397 00000101000200010002000100010102010000020001010002020201000000020100000100000201000102000102000002020102010200010002010101020202000202010201000201020101010000000102020000020101020100010000010000010100020001000200000000020001020001000201020101020100000000010202020002000102010102020100010101010102020200010001020001020102020002010200020102020201000102010200010001020200020101000002010000010200010202010102010000010102010102000100020102010101010000010000010201000201020002000202010002000202000000000102000100010100
398 00000102000101020201020001010001000101010000010002010201010002010200000000000202010202010100020101000100010202000202010201000201020001000202000202010200010000020102000000000201010101010100000201000000010000010002010001000101010000020200020101010002000100000002000001010002000100020002010102000001010001010002010001010001000000010202010001000200000200010001020002020200020002010201020100010200020002010201020100000101010202020100020001020200010102000100020102010100000002010102020200000201000002000200000002010001
399 01020002010000010202000000020202010101000200010101010202020100010000010201000000020201020100020001000201020002000201000000010000020000010102010200020102010000020102020101010101000101000101010200020201010001020002010201010000020201020002000000010201020100000002000100010200020100000202010101020101010102020002010101010001000200020201010202020200020001010100020001000101000100000002020101020100020002010102000001010100010200020001000201000200020201010201000000000001020100020101020101000101000102010201020101010000
400 02000102000001020202000201000101020202020002000101010101020000000002010201010001010000020202020200010201010201000101000000020102010100010202000200000102000101020100010201000201020201020001000201020201020201000202000200020001020201010200010200020000010101000102010102010000000202000102000200020201000101010002010000010102010201020101020200000200010100010101020202010200010101010002010202000101000000010201020000010201020102010202000200010000000002020202020102000202010202000000010202010101000201010102000201020201
401 00000002000100020101000100000002010200020101010101000200010102000002020201020202000202010102000201000000010200020202010101010201020201000202020202010102000201000101020201000200010001020100010100000100010101020100000202000200000202010101010002020200020101020102020100010201010101010002020202000200000002000200010201010200000202000200000200020001020201010002020000000001010200010101020002020201010202000001010100000100020002020000000200020102010100020002000100010100000201000100020200000201020200000202000200020101
402 02020001020000010100010102000100020002000200010001000000010001020000010201010201010200000200010000020201020101020102000100000100020002000000000001010200000200020102010000020000020002020000000001020202010200000100020102020002000202010002000002000101020200020102010001010200010100000200010102000001010201010101010201010000000200010102000201000102020000000102020201000202020202010000010002010201020201000002010101020002020102010200010201000102020000020001010101020001000001020202020200000001020100020201000000000000
403 01020000000200020002010100010202020000020002000002010201010002000100020101000201020201000102000200000000010201010201010200020000000000010202010101010002000002010100010202000100010001010001000002000102000000000102020201010001010000000202010200000201010200000100010001010200010102020100020102020102010001020000010002000201020000000201020000010101010200000001000100000100000000010002020202020201020200010200000100010202020102010100000101010200010001010200000000000100020102000100020201000202020001020002010000020200
404 02020100010002000202020101020001000001010002010202010200010000020100020101020101010001020000010102010202020200020002000202020202020102020201020102020201010202000002000000010202020202010102020101010201020002010000010202000001020101000200010101000100010101010002000101000102020200020200000001020100000002000101020201020202010001020100010200020202010202010201000200020002000000020102020100020100010201000200020001020101000102020002020000010001020202010000000100000001020101000202020201020201000102000202010000010202
405 00000201000002010102020002000102000202010100000100010101020002000001000000000202000202000202020001010002020100010100010101000102020002000000000202020000000101010000000200000101020002000100010000000202010101020002000002000000000000020202020100010200010202000001020201020000010201010100010201010200010000010000020000010001020101020002000200020100010201010202020002000201020201000002020002000102000000020000010001020001010000000202020102000100010001020200020000010001000202020201010002010002000000010001000000010100
406 02000200000102020001000002000101010200010101000202010100000002020101010002010100010101020000000101000100010200020002020201020000020101010002010201000001020102020102020200010001010100000201000100000200000000010000020100010101020202000002000200020100000001020000010100020200020002020200000102000100020202010100020100020200010001020102020001020201010100000201000102000102010201010101000200010101020101000002000000000002010000020002000202000102020101020202010201020200020201020100020200010200000201020100020100020202
407 01020000010100020001000002020101020100000201000100020001000202020202010101000000020200010201000000010201000101010102000000020200020100000200020200010102010002010102010202010000010100020201010002000101020002010101020100020200010002000100000102010101020202020002020002020000020000020000010000020000000101020100020202020102000001010200000202020201000000000202000002010001010102000002000101020002010001000101020101020001010100010200000002020102000002020200010000020202020000000202020201000002020100010100010102020100
408 00010001010101020102010102000202020101010001010100020102000201010100000101020100000001020100000001000101010201010101010100000002000102020100020102010102010200010202020201020002000102020202000201010101020100010101010102020001000002010102010000010002000101010102020201020201000101020001010001000102000200010000010201010101000102010002000201020002020100010100020200010001010100000002000101010201010000010100010000000101000002020101000102000000020000020101000202000001000101010202000002010201010002010001000201010101
409 02000201000202010001010100000100020201010201000202020200000000000101000002020001000100020202010102000101000200020101020002020202020202000000010002010002020101010101000001000200010200020000010101010200020202010000010102000202000000000002010002000200020001020001000202010201000102010102010102010200010100000101020001020200000201010101020100020002020101000001020201020100020001020001000200020002000201020102000100010002020101010002010001020200010002010000010001020002000200020100020200020102010201010000010102020202
410 01010100020101000201020001010001000200010002010201010000020101010100000200020101000000020201000200020100020100010201000200000102010102010102010102010201010000010202010200000101010000020202010100020101020202000000020101020100020002000102020001000200000200010102000100010000010100000202010102000001020201010100000001020200010101020102000202020201010000010201020102000200010002010100010201010002000000000202010201000200000101020101020200010100020101010202020100020001020100020100000100020100000101010101020002000002
411 01020100010101020002020201020101020001000202000002020201010202010202010201010002020101000200000201000102000202010101010102000102020002010100010101000000000101020201010101010101020202020202000000010200020100020200010100020100010002010200020000020101000200010100020201000000010201000202010002020101000001000002000001010101020000010001020202010100010201000200000000010102010002000100010002010102000102000001000000010002000101010001010201020201010000010000020201010002010001000101000001000100010101020002020100020202
412 01020001000000020002010201010001020002000000020202000002000202000101000002010200020102000202000000020002000101010201020100020100020102020201010102000001000201010101020200000202000102000002020102000200000101000202020000010000000102000002000202000201000001020002010001010001000000020000010101020102020202010201000002000202010001010101010101000101020001010202000102020102020001010202000200000002000200000100020200010000020102000202000200010102000000010100010201010102000201000001000000000100000100000102020000000001
413 02010001020101010001020101020200010202020001020200000001000101000000000202020000000001010101010100010000000200020102020100010201020100020100000102020000000002020100000001000101020201020102020201020000010002000001020101010002020202010000020102020001020002010002000000010000000201000102000200020201000000020002020000010002000101020002020002000000000101000101020000010100000101010202010202020001010201000201000101020000000102000102000202020200000002010002010200020100010101020101010201010201000101010102020202010200
414 01000001000202010200020201020101020200020201010100020100020002020200000000010200010100000002000001010200000000000200020202000000020000000002000001000002000000000001020100020001020202010100010201020002020100020200000001010001020102020201020100000101020001000200010101000001010101010200010201000201010202010002010202020000000100000102000202010100010202020102020202010001010202000000000101010101010100000202010200010200010101000102000102020001010202000201010101010201010200010002020102000202010200000102020200020101
415 00020001000202020001020001010001010000000001000100000100020002010101010200010200000000020201000002010202000102020202010002000102010102010001020100020002000101020100020202010100010200010100000102020200000200010102010202000200010000020102020201010100020202010201010102000100020201000100000201020102010201000200020000020202020200020100010000010202010200010001000001010001010201000102000201010100010101000202010200000100000002010202020100010101000102020202020200010100010102020101010200020201020201010101000202000200
416 02000002020102020102010102020000000201010201010001000101020101010000000202000202000000000200000000000100000200000002020001020101020001000100010200020101020201000100000201020001000000000001020000010002010001020001010201010200020202000200000000000202020100010000020101010202020100020202000001010100000200000202020202010100020202020102000000000001020002010202010001010201020101010200020200020100010002020201000102000100010002010002020002010000020202020200020102010102000102000101000002020000000000010102010001020200
417 01010202020000010000000201000202020202010201010200010102020201010100020102020101000001010102010001000101000201010000020000000002010101000002010101020001000002000101010202020202000000000201010100010100010100010100020002020100000000010201000102020102010102000201010002010000020002000201010202000002000202020102020000020100000002000000010000020001000000020002000000000002020000010102020101000201010202010200010101010001020000020102010101020102010100000000000000010202020102000100020201010102020202020002020001020201
418 02020002020102020001000101020000010102020100000102010101020200010002010001020102010200020200020101020202020202000001000100010000000100000200020202010001000100020102010201010202020101000100020101020202000202020100010000000202000200010001020001010001000201020202000201000002020100010000010102020002020101000002000001010000000002010101010100000100020202000200010000020201010102020002000202010000010002020202000001020202000202010002020200010000010100000101000100000201020201020200000002020202010002000100010202000201
419 01020001010100020200020001010002020001000001000000000102020101010102010000000202000102000000000001010102020100010100020100010202020100000200010000020000000201020000020202020000010002020101020000000100020200000201000001020200020100010102020102000102010102010201020202000000000202010000000102010000010101000200000000020200000001000102000202000100010202010102010001000002000002000002010101010202000100000002000002000000020000010201000101020201020200010002000002000002010002020102020100020200000101010202010102010001
420 00000100000101020200000001010202020002020202000002010102000002010001000101000000010001010002000101010200000102000002010200000000000100000001000100000200010000000101020102000200010002010200010200000102020101010100010201010102000200010000000200010102010002000102000202010202020202000000010100000201000002010200010102000201020202010000020202010200020002010200020101010000020101000002010000000001010001020100010000010101000200010102000002010002020201020102000200000100000200000102020102020101010101000000000100000002
421 00010101020000000000020101010001010000020001010102000200000000020101010001020202000000010200000102010001010002010200010202000002020101020201000200020101020001000002000001020002010001010001010202020002000201000202010201020001000002020201010101000101000100000200000202020202010201000100020002000100010202000002020000020201000002020002020201000202000002010001000000020100020000010102010200010202020001020100020000000202000101000200010101010002000000020200010001010202010100020102020202020100020001010201000202000200
422 00020202020000020102010201020102000101000002020000000100020100000002020202000102020201020001000202010001020101020200020101010101010000010101000200020202000101000101010200020102000101010202000002020001020100010001000001010201000201000101000001020000020101010100010100000001010001000000000002010200010201010100020100020102010101020002000201000000000202020200010001010100020202000201010101000200000100020100020200010001000001010202000001000201010101020202000102000102010201000102000201000202020102010101010100010202
423 00020200010100010200000200010101020000000200010102020200000101000002010002020002010102000100000201010102010001000200020200000200000100010201000001020100010201010102020101010200020002020100000202010201010100010100000000010100020201010101010201020101010102020002000001020100020102020100000101010200010102010200000200010002010102010200020201000100010000020201000101020002010100010201010102020000020000010001020000010100000000000002010002010201020000010001000200000101000100010102020202000202010002010102010002000002
424 01000202020100010200020000020100020200010202020200020002010200000002020001000102020001010101010001020201020202020100010000020101020100020002020200020201010202020201010001020200000001000000010101000001020102020001020001010200000101010000020101010002010101020100010200000100020200010202010100010102000200020002000002010102010202020001020202020100010200020101020000000102020202010202010001020001010200000001000002000002000202000102000001020100000100000102010001010202020001000201020001010002010102010002020102010001
425 01000101020100000202000001020200020001000202000200020200000001020001000000000202010000020201020101010200000001000001000100020002000202010202020002020200010102010101000101010101010100000201020101020102010100010001000202020200010001000002000200010201010201010102020000020201020002020000010101010000010101000200000200020201010000020202020102020002000200010200010002010201020201000101010102020001010202020002020201020101020002010100010102020100000200010102010101010000020102010101020200000102020201020201000202010102
426 00020101000101000000020200020100010201000102000200010002020100020001020002000202020102020200020002000001010101010101010101020100010102010202000201000200010101010100020002000002000001020100000102010202020200000200000102020200000201010200010201010001000100000000020101020001020100010200010000020000000101010001010100020102010002020001010000020201020202000001020001020200010001020200020000000102000002010101000100010100010002020201010001010200020002000201010100020202010202010001020200020202000102020100010101000101
427 00000002020202000101000000000100000200010200020002020001000002000002000000010200020102020001000200010200020101020202010102010002010000020001000200010002000002020000000001000002000201020000020100000201010001020001020000020000000200000202010100000100020101020202000202020201010202000101010201010002020201000001020201010002020001000102020002010001000002010102020100020200000000000201010102020102000100020201020201000101020201010202020002020200010002000100000200010102020102010200020102020000000002010002010202020100
428 01000002020001020202020102010201000202010100010100020001010102010201000002020101000000000002010201010002020001010201010100000101010101020201000002000002020002000201000200020201010002010101020200020101010200020200010101020100020001020202020001020100020200010100000002000202020200000002020000000102010102020002010202020001010202020101000200010101020000020100000101020000010201010001020000020002010000000200020102020002000102020102020200020202010102010101000101010102010201010200010202000000020202000000010000010100
429 02000000010101020100020100000002010201020201020001010102000200010100010102000000020000010200010002020102010202010200000000010000020101020202010201010000020101020102000102000002000000010102000101010100000100020202020202020202010200020101000202000101020001020202010200000201020202010101000002000102020001010100000101010101020100000200010002010001000200000101010102000200010101020200010101010102010000010000000002010002020000000000010102000201010200000201010201020102010201020002010000010200000100000100000201000000
430 02000102020102010000010100000200000202010201010201010201020200020000000200010200020102000002010000010100000002010002000101000000010000020000010202020200010000000202020201020001000201000001000102000100010001000000010000000100010202010100020001020201010101020002020101000101020000000001020101010202010200000101010201020000020100000100010001010001010102020000000201010001020101020202000202010101010100010001020200000201020202020200020201020202000001010202020101010002020102010200020000020001000002000200010002010201
431 02000202000200000000010102020100020200020102010202020202000102020100010100010002020100000102020200010101010102020200010002000100020002010102020201000100020201010100000002000201010201000101020202020200010202000102010202020201000101010002010000020101010100020100020100010200010102010002010102010202000201000100020101010202000202010200020101020002010201020201000202020002000000010200020000010201020002020000020102000001010101000200000202000100000002010200020200010001020101010100020201010002000001020000010002020001
432 02010101000102010102000002010001020200000202010202010102020200020200000001010100010102020101000000010100020202020002010102010201020001000000010001020201010002010001020002010200010101000201010201000001020202010101020201000102000100010002020202020202010002020202000100020200000100010000020000010002000201000202010202020001020002010100010002020002010000020000010002020100020200000101000000020200020100010201010100010201020102000001020202020001000002020102000102010001010002010101020002020201010001010001000102000201
433 00010202010200010001010001020001000201000200020202020001010102020202000200010100010002010102000001000100020200000002020202010201000001010100020001000000000000020202020102020002020102010001000000010001020202020000000002000002010001000200010100010001020100000101010000020001010200000200010202000201010202000000020000010200020102010002020002020202010201020200000100010000020201020101010002020100000101020102020102000001000100000000020001020002020100010102000000000001020200020001000001020000000200000201000201010100
434 00000100020201010200010100020002000102000002000201020101020001020202020201000100000202010201010102000002010001000000010101010101000201000002010000010000010002000000010000020200000100000201000101000100000002010200010202010101020100010201010101000200020101000102010101010100000100000000020001000101010201020202000201000102000001020000000202010102020102010100010002020102000201000200020200010002020101000101000101020001020000020000020102020001020202010102010000010201000101010100010000000202020002020101000100000000
435 01010001020101020101000002010000020001020002020202010000020101020002000202020000020100020002020001000000000000000100000200020101010002020201020201010101010201010202020100020001020102020202020000020001010201000100020101020001010200020201000102010002010202020200010000000000000100000200000101010000020101010002000102020001010100000001010100010102000201010101000200000101000000020202010202010201000200000201000100000101010000010200010201010000020202010001020000020002020000020100020000020101020101000102020202000102
436 00020001000201020102000202020001000001020201020201010000010102000001010101000102020102020102010201020100000100000001000000000100010200020100020001000102010001010101020000010000020202010201010001000000020201020202020102010102000202020102000100020000010101000201010101010001000100000202000201010000010200000200020002000201010100020000010202020002020101020100010000020101020001010102020001000002020001020000010101010102000202010101010201000001000001010100000001000202020101000100000002000100010200020101010001020001
437 01020002000002000001010000000000010200000101020102010200010001020200010202010100020002020000010101000200010200010100020001000100000001020002010101010202000201010101000002000201020100000101000102010202010001010200010102020001010201010000020000010100000001000000020202010002010101020102010100020100020200020100000002000102020001010100010101020002000201020101010102020100010201010002020201000002010202020002000002010000020101010201010001010101010002000202000001020001020000000202010200020201000001010002010102020202
438 02010101010102000100000202000101000202000001000200000001000000020202000002000202000101010101020200020100000102010100000102020201020001000002000202010100010001010000020101000100000202020000000001020202010002000102010200020001000100020201020100010102020202020002020202010002010001020201000202000201010200000102000100020201010202010100010001000200020202010202010102000202020101020001000001010100020002010100020201000002000201000002010201010202000202000002010201000001020201000202000001020001020202010201000001020100
439 01000200010201010202020102020001020102000001000100000002000102010101020200020102010000000001020002010201020101020200000000000100000102000100020001000001000001000102000200020001010201010200020201020101010100010202010202010102010002000100010001010102020002020101020100010200010200000101000202000101020201000100020201020001020101020002000201020101020101000201000001000102010001010101000201020100010102010101000101010000000200010102020100000201020200000002020102020200010002000201000100010201000200000001010000000101
440 02020201000202020101020000010202020101000202010001000200000200010002020000010201020202000200010200010001020202020000000202000100020000020002020101010200010001000102010002000101020000010101010201010100000102010101000102000202020200010000000001020200020002000201010202010002010102010200020200010102020002010000000201000102000000020001020001020200000100000000020002020201000001010001020201000100020000010100010100020000010001020102000200000102000100020000020101020002000102010000020100010101020201010100000102020200
441 00020001000101000102020002010202020102010202000000000201020101010202020001020101010001020102010201010001000100010000000001010101000001010001010201020202000201020101020002020202020202020102010202000200000200010201000201020000020100020200000100020201000102010100010201020100020102010100010100010201010001010100000201000101000100000000000100020000010200020101020200010102000000020002000102010000010201000102000200020100020000020002000002020100000201020002000002000100010201020002020201020000000102010101000102000100
442 01000001010000000000010201020102020102000202010200010200010001010000020101010001020202010201020102000201000100020001020001000101010200000201010100020201020002020001010002010102010001000001000100010102000201010200000200010001010201020102010001000202000102000102000100000101010102020201010200020200010001000002000000020001020201010202010000000200010102020102020101010201010101010202020000020000010100020202010101000000010101000100020200020000000101010202020101020101020000010200000000000100010202020200020100020200
443 02020002010202010100000202010102000100000000000201000101010001000200020002000002010101020200020100020200010200010000000002010202020202010102000201020102010000010200010102000101010002000001020100010200000201020102000000000101020201000100020202020202000201000001000201020000000202020200000001010000020000020202010101000102000000010102020101010002000102000101010002020202000200000000010000010202010202010201020102000202020001000102000102020201020102020102000001000101010200000102000000020201010202000000010102020202
444 02020202010000010202010202020102020101010001020001020201000100010002020101020002010101010001000101010200010102010000010001010202020200000202000201000201000200000201020001020200010102020101020101010202000001020202010201010000020002000000010202020202000000010101010002010202000001010000020102010002000001020000000200020201020101000101020102010201020001020000010100000000000201020102010102020001020002020100000101000100020101010001010101000002000102020000020000020200000101000202020201000102020002020101010202010001
445 01020001010200000002000100020002000200000102010000000202020202000200010202010002000102020102010100010202000000000202000002010002020101010102000201020102010200000201020001010002010002020202020102020102020202020000020201010002010000000102000102020200010001000101010101000202020200010100000201000102020202000101000200020001010001000200010001020101010200000000000002010000010202000200020200020002020002000202000002010201000101000102000200000102010002000200020002010201020200020001000201000002020202020001010101010101
446 01020001010000000200010201000102010102010201000002000102000100000102020002010202020000010001010102020101000100000202020202010000000101020000000002020001020100020001000202000200020200020001020200000001010101020001010202020202010101010001010100010100010101000102010102020200000100000201000000000100020202010202010100020002020101010000010101000200000000020000000002020201000000020000020200020002000200010200020200020002020102020102020001010100020000010001010100020202010200000200020002010101000101020001020101000000
447 00000100000202020200000102010202000002010201020202000101020101010200010100010102010200020000020201010000020100000002000202000102020200000102010102000001020001020100010201010002020202010102000200010101020102010002010102000201020001020000000101000200010202020200000101000202020202020201010000020202020200000201020000010101020100010200000100010200000202020000020101020100010000020101010102020000000201010201000100010100020100010001020001010200000102020202000001010201010002020202010000020100010201010002020102000000
448 00010001000101020200010100020102020101010100020002010201000200020200000201020002000100000100000201000102020200020202000101000001020100000101010001010202010202000102010202000001000002010102010001000000000001000102000201000102010102000001020101010100020200020002000102000201010001020100010002010001010200010002010101000102010201010002020201000201020202020000020001000000000102000100010000000101000101000002010001010001020101010201010102000100020200000200000201020201010201020102020202010201010002010001000201010200
449 01020000020200010202000202010200020002000001010002020102020100020202010201010201010000010002010101020200000001020002010001020002020202000100000102020000000201010200020102010102020001020001000100000002010200010201020201020000010202020102010000000002010100020201020202020201010100000202000202020202020202010200000202010100000200000201010201020201020200020001020101000100000101000200020001020000000202020101000101010001000201010202000200010200000000000200000200010000010001000101020201000101000000010200010102020100
450 00010200010201020102010000000202000202010000000101010000000100020100010001020201010002020102010201010100000101010102010002000001010000010201020201020101020202020001020100010201000200010200000100000001020201000202000201020100000000020200010202000202020202020201010200010200020202010000020202000002010200020102010101010002000002020202000000020002000201000101010201000202020202000101010101020001020100010200020201020002000000010202020100020001000100020102020100000200000100000100020200010202010002010100010101000100
451 01010000010200000200010101020000020101020202000102020100000102000102020002010202000202010202000200010201010200010100020202000202010101000200000100020000010001000201020202000001020002010102000202000200000202000202010202010200020001000200010101010001010201020102020202020002020200020101010102010101020002010000010100010200010000020102000201020202020001000101010002000202000001010202020102010002010201000102010101010001010200010100000202000102020102000202020001020102020000000000000000000202020101000100020000010001
452 00000200020100020201010200000002000101000102000200000102020000000200020101010001020001020102020100010101010000010002010102000000020001000001000200020100000002020002020101000002010002020200020202020001020101000102020100020102010202010002020102010202000100020002000001000000020000000002020200010001020200010101000201010001010200020002020102020201000201010102020102010101020102020202020201020200020001000001000102010101000100000202010101020001020000000200020202020201000102010000000200000100010102020000000000010201
453 02000202020100020100020102000002020201020201020002000002010000000202010101010200010100020002020200020100010000000200000000000101000000000002020100000201010202010002020201020001000201020200010101020100020200000202010002010002000202020100020100010000010202020002020201010202000000020101010102020100010100020100020002000002000002000002010001020000020201020100010101000002000200000201020002020202010002010201020000020101000000010001000201000200000102010200000200000000000202020002010100010002000102000002010102020202
454 02010002010102000001020000000001000101020200000200020201020200000202020202020201020100020100010200000101000200010100010001010102020000020202000200010202020102000200020100000100010100020002000101000100010100000001020100020202020101020101020202000100010102020201010201020000010100000002010000010200000200020200020001010201000200000101000101010101000002000102010001010100010000010000010002020001000102000102020200020000000200000100000101010201000201000202000100000202000201020100000000020000020101020102000101020101
455 02010000020101020202010101000001010201010201000002000002000002000102020001000102020100010101020102020101020101000002020202010000000102010002020100010001010202010202020100000101020200020002000200010200010202020001000200020200000201000101020101020101020100020102010201010201000100010002020101010100020201020000020101010202000001000000010102010202020202000000020102020101020102020100000000020200020001020000000002010100020000020001010000020102010002010000010101010000020001020202000200020200010100000002020002000001
456 00020100020001010002020002020002010200020201020000020102000200000202000102000102020001020000000201000100010001000100020202000002020000010100010202010002020001020002010202020102020001020101020102020001000200000202010100020102000000010202010001020200010000000102010001000000010202020101000002000100010101020001000101000202000102000002020100010002020200020002000101000002010202000001010002010101020102000102010000000101000102010001000202010200000200000200010202000202020200000001020100000101000201020202020000000001
457 02020101020101010001000000010002000202020202000001010200010102020102010002010002000002010001020202020100020102000202000102010201020100010001000200010101010202020002020100010102000101010202000201010100000201020002010201020102010000010001000201000201020000010001000101010002010201020002020200020201000102010001020102000101010000000001020000020000000102020200010101020201020002000102000201010100010101000002000002020100020102000001020001000002010101000102000100020101000001000101010200000102010102000000010200010101
458 02020100020201010200010001000000010200010001020000020101020001020102020201020102000102000101020001010100010101010100010001010001000100000101010000010201010200010001000100000200000202000200010201000100010202010001020201000202020102000001010201020201010102010202020000020000000200000201000202000002010202000100020101020202010002010201020002000201020001000001020001020002020100010000020001000201010101010100010100020000010102010200000002010002000102020101020200000101010101000101000002000101000202020201010100000201
459 00020200000100020102000002020100020202000200010001010101010100020101020100010000000200000102020102010200020000000102010001020201010202010001000100020102000002010201000101010102010002000200000102020200010202010201010002010202000000020000000102010100010000000201020001000202000201010201020102000000020202010100000202000001020201020201000000020002020201000102020200010000010000020000020102000000000002020200010101010000000100010201020000020102020202000000020000000100020200000201000102010201020100020100020202010102
460 00000202000002020102000200000100000102020100010101000000010001000002010200020201000100010101010201020201010002000000020100020001010100000201000001000102020000010002010001010200010102000202020100000200020201000200020200010000020000020002000001010200000100010100010102010102000101020200000002020100000202020202000100000202000101000000020002010101020200000001020100020002020102020201000102010002000102020000020001010200010100010102020200020101010200010100010001020100020000010000000101010202000001000101020201010000
461 00010002020201020100020001010101010201010002010202020101010000010201020101010002000100010100020100020000000002020000010101000001010002010201010000020100000200000200020202010001010001020000000102020002020000000202000001010001020202020001000102020201010101000100010101020102020102010202020202000000020100000000020000020100020002020001020200000002010102020201000200010202020102010102020201010201000002010202020202020202010102000101020200000200020002010202010101020202000202000001010200010001000100010100010201020200
462 00000102020202010201020102020101010100020200010002000102000101010200000200000100000200000202010102020202010202010001010001000002020202000000010000020001000202010102020001020101010001010001000201020201020100000100000200010101000102010201010002000200020202010200010100020201020000020201010000010001020100000200010102020200000200020000010002010000020100010001000002010101020102020202000200020200020102000202020002000001000002010001010000010000000202010201010000020102000202020000000201000000010102020202000002000201
463 02020002000101010102010100000001000000000202020000020001020002020100000100000102010202000002000200010200000201000001020102000101020000010200020202010201000100020102010000020000020202000202020102020200000100000200010001020100000201020200020002020201020000020202000002010201010200010100020001010000010202010101020101010201010002020002010102010202000202020200010200000200000202000102000201000200000100020001020201010200020202010201020000010102000000010101020101000100010100020100010102010200010202000002020100000102
464 00000200010002000001010102010000020000020100020000020101010200010002010102000202000101000001000200000001020000020202020001020101010001000101000202020101000100010000020101020001010202010200010100000200000100020002020000000200020100020100020000000202020201000100020102000102010101010202000200000102020200000202010001020102000102010200000002020100010201010201000001000001010101020100010002020102020200020001020102010101010000010100000001020202020102000001010202010201000000010001020200000000000102020201010201000100
465 01020000020001020000010201000000020002000001020200020002010200000202010102010202010002020001020100000200010100010202010101020200000001010000020101000201000201020100000101020200010102020002020002010102020200020202010101010000000200010000010002020201010101020001010102020101010100020002010000020001020100000000020201010002020201020002000200010001000000010201000102010001010200010201020202020000000001020200020000000100010000000202000102000201020201020102010001020002010100010102020202000000020002010101020101000100
466 02020002000102020202010202020200010100000102010101020202000200000000010002020102010000010002010201010202010202000100000200010001020002010201020200010000000002010001020100000001020100020202010100010000000201010102010101010100000100000200020200010100000102010002010200020000020101000000010202020002010102020202010102020202000202000100000001010202000201020001020100010102000100020001010000010002020000010202020102010100010000000200020100020201020102010102020101020202010201020101000200000202010101020102020202020000
467 02020102010002000200000201000202010001010002020001020200010200000000010002010000000002010002010100020102010102000201000201000001010201010000020201000200000000020002000002000200000200020100020100000000010002020101000100000200020000000001010101010201020001010100000202020202010202010202020101020201020002010201020100020202000000010200010001010100020102000100020002000002000200000001020001010102010002020100010102010000000100000101000002020201010001020002010000000100020002000001020002010201010101010201000201020100
468 00000102000101020201020102000200020200000100020201010000000001020200020200000002000102010102020201020101000002020100010102000000000101000000020002020202010002000000000000010100020001020100020100010100010200000201020200010101020001020100000202020100020200010000000102020201010002020201020100000102010001000102000201020102000102010202020001020101010100010000020000020100000102010101000201000001000201020100010000010101020200020201010201000202000001000001000100010200010202010200000102020000010101020202020101020002
469 02020201010101000200010001020200020102000001000000020100020102020201000100010102020100020001000202000100000001010201020102020201000202000201010002000101020001020000020202000200000000020001010100020002010000000001000201000001000100000101020001000002010002000102000002000100020100000201000100020201000202020100020000000200000202010200020102010200000100020200020202000002000002000101010100000101010201010002010100010202000002000202020001010202020200020200010102010102000100010102000201010001000000000102000001000200
470 01010200020002010000010001010000000100000001000001000102010202020002020100020202000201020002000000000201010102010102010101000002010002010000020101000201010101000001000102020101020101020201020200000002010001020201020002020001010202010101020101010101020102020200020101000001010201010101010002000202020002000201010202010201020000010001020102010000010202020002010200010200000000010002020000010202010201010202000002010200010202020002020202000202000102000001010200000002010000020202010002010102020101000101020100020002
471 00010200010002020101000000010002020100010101020100010202000102000200000202010102000001010102010201020202010002020102020202020000010201000101010102000002020201000001010002010000000001010101010100000102020200020000000202000201020201000200010001020000010002020000000102010102000201010100020201000000010200020200000200000102000100000100020000010202000001020200020201010200000101020100000102010101020001000202000101010100020001000201020200000201010200000202010202010001020200020201000201010200000202000002020001020201
472 01000100010002020100010101020200020101010100000002020001020102020002020102010101020001020202000202010000010000010202020102020102010000020101000202020202010001020101000101020102000001020201020100020002010202020102010000010201000000020101020001010201020002020200010001000001010202010002020002020002020101010002020202020002010001020101020001000200000001020202020001010000000100000002000001000000010002010200010202020001000001000000020101000001020201020200000000020101010200000102010100010002010202020100000000020201
473 01010000000001010000010202020201020101010202010202000201010102000200000001020000000101000000000000010102010102000102000100000002000200000002000201000100020000010201020102010001020201020201010200010202000202000200000000020201010201020202010002010001020202020202000100020201020201020100000102000201000202010102010202010101010100020202010002020002020202010200000001000201000200010201010000010200020201000100020002000202010002010000000201010202020201020202020201020000010000020202010201020202010000020100020000000001
474 02010000000202020102010001020000000202010200000002000200010001000001000102010201000002010000010200010100010101000002020201020000020200010200000000010002000200000101010201020000000201020101020102010100020101010200020100000001000102000102000002000102020002020201000200020100010100000201000101000000020201020001010201020002020000010200010002000002010202010100010100020101020101000000010102020000000202000102020201000102000201010001010202000101010202020200020202000200000202020100020201020001020000000100020202010202
475 00020001000202000101000202010102010101000100020100000201020102020000000201010001020001010202010202000101010202020200000000010100020002000201010101000202000102010000020102000100010000000001020200010100010102000201000102020101010102000100010100000201000201020002010202010102000001010200020100020201010000010101010200010002010200010101010102000201020000010102000101020000020100020000010200020001010002020102000002020200010102020000010100010100020200010100020000020001010100020202000002010002020002000100020002020200
476 02000000000200000202010201000100020102000201000000020102000000020101010200000201000200000000000202010201010201020000000100000002000102020201020201010002010200020102010001010002010201010201000101000201020202010002000101020202010000000002000100020100010102010102000002010001000101000000010102020000000102010102020001010102010100020000010001000102010200020200010101010200020201020101010200010202000202000002020001000000020101000102010001020102010201020201010002000102020000010000010201000102010100000101010100000102
477 02020001000101020102020200010101020201000102020002010000000200010202000201010101010200000200020001010100010201020002010002010201010200020002010001000101000102000001000201000002000001010002000201010200000001010001000102010002010100020102000001000201000100000002020002000002010002010102000000010001010100010001000100010002020102020000000100020000010002000001010001020101020101010002000000010000000102020001020201000101000001000000010002000202010200020000020201000102020202000102000100010202020000000201020100010200
478 00000102020202020100010002020000000200010202020101020202000201010102000000000000010100010100020101010100010200010000000101000102020001000100010000000201000100010201000102000201000200020000020102010000020101000001010101020201010001020002020000000100020202020201010000010001000202010100010001010100000100000000000201010102010002000200010000000000010202000200020001000001000001000200000201000102010102020001010000000002000101000001020102010202020102000202000201020000020001000000020201000100020202000000010102010202
479 00000002010102020001020001020100000202000002000200020102020000010101020100000100020002000101010101010201020101000001020201010200020001010201000101000200000000000100000201020000020001000000000200000201010201010201010102010201020000000200020002020202010100000201010200010001000101010101010000000001000202020000020200020001010101020000010100010100020102000200010201000100000101010201010202000102020102000201000000010101010001020000020200020202000000010200020000000000000101020102020002020100000001010202010001020100
480 01020000000101000200000202000201010100020001020202000201000200020202000001010100010001000100010000020101020200010001010200020101020202020101020000000000000202000002000200020101000000020000010102010001020202020101000101000100000200000002000001010202020101020001020202010200020202010101010000010002020200020200000200020101020100000101000002020002000001020201020102000102020002020200000102010202020101010101020001000100020201010200020202010201000101020200010100020200000001000202000201010000000102000101000202000102
481 02010200000000020200010001010000020200020000020101010001020202020002000201020001010202020001000000000100000202010200010002020002010102020102020100020102010101000000010001010002000001000201000202020202010202000100020100010200020202020201010002020201010200020102010101000002000101000102000100020101000202010001010200020001010000000102020201010101000101000102010201000200010202020201010002000002010100010001000200000000000000020200000200010001000201000102010000010000020000000100020101010000020200010000000201010002
482 02010100000200000102020102010101020202000001020000010200000102000200010100010101000002010202020201000201020001010202000102010102010000010002000201000000020200000200000202000000000100020201020200000100020000000202020001020202010201010202010100000100010102000201000100020000000201000202010000020001010002020001000101020001020002010100010102000000020000010201010002020102000000000001020002000101000002020200020200010101000202010200010002020201000002010102010100020202000100000201010000000101000101000002000202020201
483 00020000010201000200020200020201000100020000020200010101020001000100020202020201020102010101020102010002000202000201020201000002020000000000010200020001000201020200010200020200000201010200000201000201000202010201000002010000020001000100020101000000020102020100000000020200020101020001020001000202010201000201000101010201000101010100000200000102010202010102020001020200010202010201010100000102010001010202000100000000020002000200020001010101020001000000000002000102000001010200000101020102010102000201000102020100
484 00010102010002000201000000020102010001010001010200010002020100010201020200000100010201010200010202000100010200010102000000000001010202020201020000000201010000020002020002020201020101010201000002000202010001020200000200020100010101000102020202000000010202010000010001010000020200020200010002010100020002010100020202000200010101000001020101020100010101010202010200010001000002000000020000020202020002010000020202000202020201020202010201010201000201000001000201010202010202010101000001010101020101000002020202000201
485 00010102000101000202010000020000010200010001020002010000020001020101010001000102010102020200000101020000020202010102010102010200020202020202020200010202010201020101000200020202010001020200010000010001000200020100020001000001010000020102000002000100010001010002000100010101020000000101010100000202010100010201020002010002010001010102020000020201010102020101020202010100000202010100020102020002020201000000010200020201010102000201000102000002000201010102010201000101020201000100000101010200010201010101020200020201
486 00000200010001020100000200000100010002010201000100020200000202020202000201000202000200010102000102010202010101010200010201000101000102010102020002000001020001000201000101000002020101020202010001000201020002020001000100000200020002020200000201000200020200010202020001000002000002010200000100010100020001000201010101010100000202010101000002020201020002020101020101000201010102010001020202000002000101010001020102000101020200010001000001020102010102020202010000010102000101000000000002020101020102000201000102010001
487 00000200000201000201010202010101020101000002000201010001010002020200020101000001020001020002000102000102000102000101010201020202000002000000020201020200020001000001000200010101000102010102010102020100010000000102020200010102020001020202020000020002000001010100020001000100010200000002020001020201000101010201010100000202020202000201020200010100010101000002010200000201010201000002000202010100020200020202000100000201020001000201010202010200000002020001000002020102010202010100020202010200000100010202010002000202
488 00000000020101000100010200020000010102020102000101000202000102010200010202010100010201000200020102000100010201000000020100010001010101020200010002020102020102010002000200020100010102010102000200010002020200000101000100010000020102010201000200010100020202010001010102000202000001020100010102020101010200010101000000000200020202000202020001000102020001010201010202000100010100020002010200000200000102010000000200000002000200000102000101010002010102010100010001020101010102020100020201000202020200010202010202010200
489 00010202000201000002010002020000010100000200010101020001010100000001020202010000010202010001000201020000000101000001010102010202020000010202020000010102020202010101010101010101000101000002000202020201020101010100010200000201020001010002010100010000000002020200010000020001010200000001020101000100010002010000000102020001010102010001010202000001000102020101000201020102020102010001000101010100000202020201000002010201020002010102000201020101000002010201000101020101000000000002020102000100020002000002000201000001
490 02010100020002020202010001010201020002010001020002000100010102010101010000010202000100000002010200020101010002000202000001020002010100000101010100020100010201000001010000010000010101020201020102020202000101010200020200010100010200000002010102000102020002000202000102020100010000010202010202010201010002000100010001020001010101010001000101020200000001010001000101010202010001000100020102000100020102010200020202020102000102000201000102020201000201010102020000010102020102000102010101020202020102010100010002000100
491 00000202000002010102010000000001010200010002000001010202010101020101000200020101020201010000020102020001000101010001000000020102020002010201010101020202020201010201010000010000010100020001020102000000010100020200000002000001020102010202020100020200010001020001000000020202020100000200020200000000010100020202010001000002020201020000000102020001010001020000000000000200010101000100010201010201020000010002000200010200020001010201020200020000020000010101020002000201000000000100000201000102020202010102010000020200
492 02020102010000000201000100000001020100000100010200020100000102020201010002020202010202010200020200020101010100020201010202000201000000000101010000000200020201010101010202020000010100020201000202010100010102010101000201020000000102010202020201020101000102010102010001000202010202000001010200000102000201010100000200020101000201020000010202020201010001020202010002010201020002000000020000010201000102020102020001010101010001000101000000020200010101010102020202000000010201020001000202000000010001010201000100000200
493 01020001020200020200010001000000000000020101000001010200010001000100010100010000020100000000010102020001000102010002000102000001000001020102020102000000000101000001000000020101000202010000010000000201020000020000020201020001010100020001010100010102020002020001000101020000020202000102020102020200000200010001010201020000020002000000010201010000020202020202010000020201020202000200000001000100010000010200010201000000010201020202020201000200020001010201000101000000000000000100020200000002000102010200020000000201
494 00010100020001010201020000000001010102010200000200020001000101000000010102010001000101020002000102010202000200000102020100010102020102010002010202000102020000020202000100020101000202020200000200000101010100020000010000020001000100020100010102020100020002000200020200000101010202000101000201000001000000000102020002000001010102010200020100000002020100020202020202020202020100010100000200020002010202010201000100010202000102020202000001020000000101020102020200020100020101010101000201010202010201020102010102010100
495 02020001010200000202010002010200020101010000020100000200000001000100020002020201010201000201020201020000010200000001000000000000000001010102020101000001000201020000000100000000010100020101010000000202000101010102000200000000020100010201010102020200020202010201000001000100020001010202020202010001010200010201010001010100010202000001010100020201000202010102000101020101010201010002000001000102000002000202010202000200010101010002000201020101010202010202000002000201020002010001010101020002020102020000020100010102
496 01000202020200020100000102010202020101000101010000010101010002000100010101010000010000000200020102020202020102020200010202000101020002010102010201010201010002010002020100010000010100020201000001010202010100000101010100000201020100010102020000010200020001000100020202010101000102000001000101020200000102000100020101000102000102010000020102010001000201010002020101000000000100010202010102010201010201020101010101010200020001010000020001000202010100010002010100020201020002020002000201000000010102020101000000020202
497 01020201000100000102020001010101020101020200000101000100010101010102000202000202010002020001000000000001010200010200020000020100020100000101010202020200010200000101020002000102020100000102000001010001010202000100000002000001020001010200000200010002010201010200000200010002020200010001020101020100020201000201000100000202010202000101010200010000000200020101010101010002010102020202000200010200020101020002000000000001010202010200020102000201000001020201000002000102020001010001020000010101010101020002000102000101
498 00010001010200010202020201020200010001010200020000010100000201020202020101020100010002020100000100000201010201020201020002010102010000020002010202000102000001020100000101020201000000000100010100020101010102020200000102000200020102010002010202000202020201010100020002000102000002010200000101000200020202010100000001020201020101010202000200000101010202010202020100010001010002010000020001000202010001010101000000020001010100020000000000000201010101010101010102020202000200010002010201010100020002000200010100000202
499 00000000010101010000010000010001010102020002010200010001000100000002020202010001010100010100020000000101000000010101000100010000020000010100020202000202010200020200010100000001020201000101000101010101000000000001020202010200000201000102010202020201010200020002020002000002000001000002000000010100020200000001010202000000020001000102020001010000000101000001000002020002000201000200000200010201020101000001000102010002020200020001000202020201000000010101020202010001000100020101000202020000020001000200020200010100
500 00020201010000010000000100010001020000000201020201020200020100010100020000020102020002000102000001000100000000020101020101000001020202020001010202010200000202000000020202020201020002020101000000000202000001000202010201020200000200010200000101000102020102010000000000010100010200010201010102000100000001020001020202020202010200010202020102020100000201010002010201020001000000020202010200000102010101020102020101000101010100020002010202010202010201000101000002020001020000020100000102010200020001010200020001010000
501 02010202020000010202010101010002000001010202020202010100000002000100020200020101000200000201020200020101010000010101010202010001020002010002010002000200020200020101020201020200010002000201000101000200020101000200020001010000020001000101020100010201010202020101010002020001010100000100020001010200000200000200010001000201010102010002000001020200020002020202010101010102010101000100020200020000020202020102010000010100020201010102020200000100010000010201020102020000020200010002010102010102020200010000020102010001
502 01020100000002010001020101000201000202020000000100000102000002020001000200020100000200000001010100000000020101020001000100020102020200000000000100020002020002000100020001010200010002010000000002020201020001000202000002010001020100010100000102010202000100020201020101020001010200000201000202000000010001020201020101020001010101020001000000010002020000000100000002000000010002000001020200010102010100000101000202010000000100010201010201000101010002020100020202020101000201000000000200010101020000010202000201020100
503 00010200010100010002010101000001000100000201010200000002010201020100020000000202010100000202010201020201010202020200010100010201000002010002010100020001000101000200020001020001020001010101020001010201010100020202020102020200010202010102020102010201000100010201020100020000020201020200000102010102020102000202010101020100000000010101010000000200020201010001010200010002010202010100010100020102010200020101020102020001000201020202010200010100000100020200000002000002000202020102020200010202000002000001020100020102
504 00010001000101010101000000000002000101000201020100010101020101000201010201020001010201000202020001020000010202000201020000000002020001020102000101010200020201010000010201010001000102010102010001000100020001020202020001020202010101020202010201020002020102000201010001020202020200000101020201010202020100010001010200010101000100010101020002000202000200000001010202000101020001010101020000010000010100000000010001020002020201000101000102020200000002020000000002000000020201020002020200000101000001010200010001020200
505 02000200000200010202010002020002020200000202010102020202020101000101010101010001020000020200010202000101020100010001020101000000020002010100000000000001000202000001020202010102010000000200020002020201000100020002010102000100020200020101020002010200010201010002000201010001020000010101010202010100000102000000010002000201010000020001000002010202020200020201020100010201010000020001010102010202000100000102000000010102000001020101010100020200000201020102000100010202000100010101000102010002020101000100010000000101
506 00000101010100000001020002020100020101000100010200000202000002000101020102020000020202020100010200000001020101000101020201000201000001020001020101010000020002010200010102010001020101020201010101000102020000000002000102020201010201020002010100010000000100020002010000020202000100020102020102010101020200010002010100000202020100010001010102010001000100020101010101020202010002000000020200000200010102020002020101020000000102000202000202000000000201010102010101020202000201010101010202000101020000010101000000020002
507 02010102020200020201010101000201000202020101020201010002010102020100010201020200000200000102000101010102020102000001010000010201010100010101000002010101010001020201010001020002010000020100020102020101020202000101000001000101010001010102020102010200010000020201020102020000000101000101010101010101010102000202020000010100010100010201020101020202020000020001010000010101020000000001010200000000010202000000000002020202000201010100000102010202010102010102000200000200020102020200000201010102010000000000020201020002
508 00010100020102000002000202010201010202020000020102000000000202000102020000020001010102010101020100000201010102000202000201000101020000000000000200020200010102020101010102000102020002020202010102010202010202020202020001000101010101010201020001000002020200020100020202020201010201000002020200010000020101020002020201000001000201020102010101020200000201010202020202010001010200000202020101000101020002020002000202000201010101000002010200010201020102010000010101000102000200010100020001020100000201020101000000000100
509 01010102020002000001020001020200010102000001010001000200020201020102000001010201000000020102020101000000010000010101020000020102020100020202020000000001000202000201000200000102020202010200000001010101020200010202000201000202000001000001010100020102010101010201010101020001010200010200020102000102010000020000020001000200010200010000010000020002010202000000020000000101010102000100000201000101010002010001010200010101010100010000000001000002010201010201010200000200020202020001010101000202010200000000010201020202
510 02010100000002010002010102020002020001020200000202010001000001010101000202010200000000010200000100020200010101000201000102020000020100010001020200020201020201020002000101020001010000020002010000020201020102000102020101000100000101020200020200010100020002010000020202020002020002010200000000020100000101010002000100010202010100010201010002000002020202010101010201020102010100020102000100000101000001000102020100010100020202000202010001010100010000020001000201020000010102020002020200000001010202020102000202010200
511 01010002010200010000010102000002000202010001020000010000010000000202020001020002000001010000020000000002010101010001010201000100020001020202010100020002010201000202000000020000000101000002020002020002020201020100010200010202020102020200000001010102000201020000010101010201020100010200020202000100020201010102020102010001020002010102020101010201010102010000020200010000010102020002020001010101010101020100020002010001010101020102010102020002000102010001000102000200020201000001000101020200000002020200020100010202
